Scan ID,Attendee ID,First Name,Last Name,Title,Company,Email,Phone,Address,City,State,Postal Code,Country,Lead Score,Qualifiers,Notes,Timestamp,Session ID
d4e88e06-d517-40b4-80ae-14eaff8b1514,7503025e-811c-4cfa-97a4-a0c83301ef7b,Angela,Leach,Product/process development scientist,Golden and Sons,ymartinez@example.org,630.471.7263,986 Beasley Mount Apt. 631,Moorebury,KY,17946,Austria,39,enable value-added functionalities,Whom there practice sell.,2025-06-26 15:07:16,LRN713
dd3f9b19-a552-4b59-9fae-bc678cc3a89f,b8394c89-805d-4a25-9f93-a430fb31892b,Laura,Arellano,"Engineer, biomedical",Weaver-Cole,larsonwilliam@example.com,579-657-5380x638,26662 Payne Street,East Thomaston,MI,59080,Korea,99,engineer customized content,The return much rest step before ask easy.,2025-08-20 16:37:34,LRN713
ba201bca-d0b6-4a45-b13e-efe86f14c2ce,e8074cf1-e701-4545-b628-e3d298cfa76a,Samuel,Shields,"Conservation officer, historic buildings",Morris Inc,allisonhill@example.com,001-446-435-6174,0842 Erik Mills,East Terri,WY,85448,North Macedonia,63,generate front-end action-items,Cover everybody herself doctor trade.,2025-10-02 23:32:29,LRN713
5e0eb752-2b1f-452c-bc1d-cfc22a61126d,23cceee6-677a-4751-83ba-a449f9ae8499,Abigail,West,"Conservator, furniture",Watkins-Bennett,josephmichael@example.net,(477)973-8059,1175 Henderson Locks Suite 962,Sarahberg,NY,28954,Philippines,41,engineer 24/7 initiatives,Table relate because financial thousand item.,2025-06-24 0:31:46,LRN713
843fbb66-5f11-48a2-9e16-3a96c10db1d0,0a6dc537-14a6-4fd3-8554-9e3e9057a7f8,Tammy,Burke,Proofreader,"Townsend, Hess and Tanner",richardgarcia@example.net,2157191335,782 Elizabeth Radial Apt. 998,North Charleston,PA,58090,Somalia,86,drive sticky architectures,Type task scene option well change.,2025-03-21 10:15:47,LRN713
08219757-80c0-42c0-b480-0c3adfa91e87,09b942a8-0040-4109-9383-3912b0a2a0c2,Andrea,Beck,Emergency planning/management officer,Marquez PLC,stephen75@example.org,001-356-480-1746,201 Debra Wells,New Tracy,AZ,20985,Belgium,74,generate world-class info-mediaries,Trial western staff least yes hundred.,2025-02-17 19:49:45,LRN713
db419304-c118-4af6-968f-a0c5154107b2,a1474f5c-aaf9-4f26-8218-857ced4c1080,Heather,Novak,Film/video editor,Mendez LLC,sserrano@example.net,+1-695-327-0502x45421,87942 Bobby Lock,Jonesshire,PA,25975,Paraguay,35,drive synergistic models,They else top company.,2025-02-08 23:22:59,LRN713
bb7a3a3c-2885-4938-8e7a-5baa0e44bb13,6419d9bf-a20a-4c81-afb9-11c672e2f046,Joseph,Ortiz,Telecommunications researcher,"Johnson, Murray and Buckley",mhall@example.org,(404)534-7399x665,531 Rachael Grove Suite 392,Alejandraport,WI,87304,Mayotte,61,incentivize B2B users,Water treat late without miss so learn eat.,2025-06-30 1:03:42,LRN713
2c6daa75-0e28-4ac5-b2c6-b463f89be3bd,5d6fbfee-355a-433b-8f51-be47f7d76124,Julie,Merritt,Sports development officer,"Bailey, Flores and Garcia",elainesmith@example.com,+1-424-794-0909x18587,98717 Blake Lane Suite 326,Holmesview,OH,95604,El Salvador,46,re-intermediate back-end solutions,Wall situation someone apply.,2025-08-15 13:37:44,LRN713
80130aee-d010-491a-9cfc-6fe68538c5f5,69ad0c1b-a801-4889-9e57-234bb92921ba,Joel,Cole,Tourist information centre manager,Young Inc,summersjennifer@example.org,300-732-2082x0822,96836 Brooke Crest,South Joshuahaven,OH,19391,Chile,12,innovate visionary bandwidth,Edge television nation son event write.,2025-02-27 20:25:32,LRN713
0976e75a-93a0-4a87-bb36-75cbd9dc129b,8e7b189e-fd75-45c6-875f-219070bdc877,Frank,Johnston,Corporate treasurer,"Jacobs, Ho and Perez",brittany71@example.net,791.678.8986x368,247 Chang Island Apt. 137,Sherriborough,CO,26846,Niue,100,innovate collaborative models,Room population all professional back city individual.,2025-04-16 10:11:09,LRN713
64ca74c8-cc61-4594-8423-ace3451e047c,3051370d-a09e-48d3-b271-d6d20840ba28,Valerie,Edwards,Regulatory affairs officer,Lawrence Inc,chapmankeith@example.org,491.777.7663x2038,2665 Perez Bridge Apt. 711,Calvinfort,NC,77096,South Africa,93,extend world-class web services,Affect important result moment forget.,2025-02-08 9:16:48,LRN713
19954300-8335-4e57-876e-8e80a4d4633c,d0fe7cff-96a0-4e0d-b039-fe403649f25e,Bryan,Merritt,Garment/textile technologist,Gomez Inc,william00@example.net,419-472-3156x1050,19357 Martin Point Suite 914,East Peter,VT,10328,Niger,68,reinvent bricks-and-clicks models,Range across great deal fine down offer window.,2025-04-13 5:11:16,LRN713
7a325a55-7bbc-484a-916f-d08b828db3cb,ab15faa4-1f63-4640-9ee1-ffb0773b5c9a,Ryan,Scott,Architectural technologist,"Ray, Patel and Mitchell",franklinmichael@example.com,692.539.4817x610,232 Coleman Cliffs,Jennifershire,IN,96256,Palestinian Territory,87,synthesize magnetic architectures,We sister again fact student.,2025-01-14 16:35:15,LRN713
06fae07b-4c64-4c01-bf33-e645dfad9283,aa6b0a86-8ee8-4876-8a5b-f932c836ba82,Daniel,Foster,"Psychotherapist, child","Buck, White and Black",brian03@example.com,(711)933-7466x4174,6062 Holt Plains,West William,CT,10244,Thailand,45,evolve value-added e-tailers,Authority activity approach whose represent interview.,2025-08-20 8:07:51,LRN713
f643e4d0-8409-4720-85ad-f04db53e1b7b,94451082-137e-4542-a9c5-87a84dc029c1,Victoria,Bautista,Commercial horticulturist,Singh and Sons,joseph77@example.org,001-917-246-5234x386,007 Sara Forges Apt. 212,Kennedybury,OK,34234,Samoa,19,iterate rich metrics,Evening wide certainly gun raise executive live film.,2025-03-01 3:18:56,LRN713
07aaf03c-80ee-4983-a95e-d5e4444cb525,b2a7847c-4034-461a-b868-fde5e5772913,Justin,Simpson,Mental health nurse,"White, Hicks and Carroll",petersonchristopher@example.com,788.690.1414x81674,3925 Amy Coves,North Jeffrey,MP,96730,Zambia,3,integrate web-enabled solutions,Whether never performance article upon.,2025-09-13 18:00:09,LRN713
d9344ff9-8fed-48a8-ae95-1cb47dbd0980,8a6a2137-681a-4fd2-ae03-95d651caac5c,Matthew,Gibbs,"Engineer, electrical",Stanton-Gill,john62@example.org,868-357-0601x03822,802 Bowman Parks,South Alexandriaport,WV,28940,Lebanon,91,embrace transparent e-markets,Suffer perhaps current.,2025-09-18 9:15:05,LRN713
89c24f6d-6fca-4428-8c97-3cf0e8d9a6e5,9b3e576b-4ae9-4866-b4d5-8da5ba5f3c95,Tamara,Sosa,"Engineer, chemical",Mitchell PLC,fordgeorge@example.org,375-891-0128,629 Tyler Center,Davidshire,IL,59392,Palau,34,redefine leading-edge ROI,Believe government meeting part hard impact.,2025-09-03 19:29:39,LRN713
f1a9a107-3c17-443a-9249-eee29c045c67,ee816eac-a70c-4d84-8519-ddb22f1a1525,Emily,Todd,"Engineer, materials",Sexton PLC,justin02@example.com,(628)509-5256,88466 Bruce Station,Marymouth,KY,12112,Jersey,94,cultivate sticky paradigms,Compare report you might together policy.,2025-01-30 6:16:12,LRN713
c3dfc526-b20a-4362-adeb-8d4205edf5d9,722a3eec-f8b3-4a21-8005-39640edf9f7a,Courtney,Williams,Computer games developer,Becker-Murphy,tina14@example.net,+1-433-918-5262x9859,99211 David Crest,New Davidmouth,CA,9138,Ethiopia,59,revolutionize revolutionary channels,Well member police push.,2025-06-13 6:44:28,LRN713
652dbde9-9c64-4d4f-b1f6-7a0a257697c8,7560d666-1bdc-40c5-972c-df7387e86d85,Melanie,Mcgee,Make,"Wells, Cline and West",martinandre@example.com,499.546.4604,13825 Collier Hollow Suite 811,New Jason,CT,25826,Netherlands Antilles,99,matrix cutting-edge ROI,Computer many office hour guess tell.,2025-07-03 5:11:36,LRN713
ba5a3a01-6c78-4d97-a478-db566cc18e93,c123bcfd-ec13-4936-ba2e-8c9fb9b87881,Deborah,Garcia,Ship broker,Hogan PLC,camposmegan@example.org,401.279.8797,61176 Harris Hills,South Christopherberg,IA,35610,Guernsey,79,disintermediate enterprise platforms,Company go gas change south way grow.,2025-01-09 0:23:46,LRN713
57a3ca54-0d9e-4ecd-99d7-9987daffc15d,0c540b7a-bfdd-407c-96c8-7f313f0cdf3e,Jeremy,Brown,Government social research officer,Perez PLC,mcdonaldjamie@example.org,(575)823-9572x579,44972 Larsen Drive,Ericberg,NV,87348,Iran,52,drive intuitive solutions,Hold father significant involve.,2025-03-31 3:22:05,LRN713
34ef3b8d-b84a-46bc-b59f-c628ee4765a4,e07d3e3d-28b7-47be-b307-63e1518e9668,Jeremy,Meyer,Hydrographic surveyor,White-White,hunterbender@example.org,(580)842-4011x22137,097 Smith Forge,West Lisa,NV,21258,Costa Rica,97,evolve turn-key applications,Create ten follow development.,2025-01-05 6:14:46,LRN713
e0c79b74-1b65-481b-93ca-0324a80584f4,6ea6518e-3e4c-4008-b1ce-2ac414f2a615,Michelle,Johnson,Proofreader,Jones and Sons,vbell@example.org,(283)630-6515,35067 Barnes Pines,West Gloriaview,IL,11566,Malta,35,generate end-to-end portals,Plant wind well often piece operation move.,2025-08-16 14:03:36,LRN713
ab5ef6a7-bd27-45a4-99ba-b1cf10c77749,3a7c671d-8a85-4f99-a6ed-ce4a88973f93,Melissa,Moore,Copy,Rogers-Green,rweber@example.org,001-830-697-4512x1592,8543 Sheila View,Port Glen,MA,86876,Malaysia,31,e-enable strategic vortals,Any and part wide can.,2025-04-18 16:58:10,LRN713
48e0d18d-c090-4dc3-8ef0-e3cb0b71727a,16169601-b525-429b-998b-0dbcc9b6f947,Erika,Freeman,Industrial/product designer,Arnold PLC,jason00@example.org,391-669-1769,3325 Renee Fork,West Katelynberg,GU,70462,Bhutan,67,brand 24/365 vortals,Expect country staff step unit.,2025-02-24 8:34:16,LRN713
07cd0960-5df6-4b96-97ba-02b5e20d65d7,17d30bc8-4746-4ba1-a3e1-f68e0570a46c,Amanda,Gonzales,Probation officer,Miller Ltd,pamelarios@example.org,(504)827-1172,4400 Henderson Viaduct,New Bradleyland,MD,20543,Suriname,97,engage value-added convergence,Land for condition throughout cold.,2025-01-27 19:53:06,LRN713
ab40880c-2359-45d9-bee9-a891e5f052bd,511f018d-a556-4675-a092-3011e0fa6740,Dominic,Oconnor,Interpreter,Rogers Ltd,whaas@example.com,+1-523-609-3300x25441,6840 Cohen Courts Suite 407,Robertofort,RI,41848,Bahrain,23,leverage visionary channels,If pass let popular road reflect edge.,2025-01-31 2:31:05,LRN713
4fd04824-d166-4cdc-a277-02a093abe8f5,6cda3cc8-ea63-4edf-af4b-25ea76464964,William,Hanson,"Solicitor, Scotland",Haynes-Medina,tinacooke@example.com,001-582-689-1673,820 Goodman View Apt. 907,Courtneyfort,VI,90124,Eritrea,56,scale dynamic info-mediaries,Then million give against network over some.,2025-07-10 22:45:24,LRN713
46a79641-3c62-4cf2-bc60-76e2ff62eec5,9bbed8ce-1ed7-4e21-b25d-6be9c88867a6,Catherine,Smith,Patent attorney,Bartlett-Hill,pmiller@example.com,613-795-9765x902,079 Jamie Squares,Susanmouth,NC,51904,Mayotte,98,leverage visionary schemas,Account build particular today join bag.,2025-01-19 8:22:00,LRN713
af00dcb3-75f3-4c7e-9955-21bc5d451d94,b8769da0-1140-43e9-8bf6-ea0428a2e1b1,Alexandra,Green,"Teacher, adult education","James, Underwood and Pollard",xnichols@example.org,+1-506-651-4368x6529,5761 Kenneth Heights,East Lorihaven,AL,76402,Thailand,34,harness user-centric networks,Old attack season mean help over arrive.,2025-07-11 4:56:40,LRN713
68d85fbe-332b-4418-9639-23f0b054859c,de95c3d1-cf0e-4bec-92a7-6f978ac13fbd,Michael,Benson,"Civil engineer, contracting",Pena-Perry,michaelmayo@example.com,274.635.2971x4238,118 Olsen Street,Mckaystad,DE,34986,Iran,34,incentivize collaborative web-readiness,Attention break nature place likely option standard building.,2025-03-17 17:29:41,LRN713
3e4fe1a5-8112-4443-9431-273b827e91d2,1eb7ae7a-519b-4bf5-9c19-cf5151cf06b8,Marcia,Davis,Call centre manager,Grant-Rice,darlene51@example.net,(775)459-9939x566,7921 Cynthia Square,Robinsonbury,CA,60490,Nigeria,25,aggregate extensible functionalities,Respond available politics best.,2025-08-15 9:12:59,LRN713
81014029-7c4d-425d-9ba6-845c427f9048,51c48a84-105b-46fa-9ff9-f4be5cfb3c0b,Elizabeth,Daniel,Social researcher,Chase Inc,jacobskelsey@example.net,(492)705-5505,55837 Ricky Point Apt. 809,North Joseph,IN,6072,Comoros,43,benchmark dot-com channels,Star move baby price fact reveal.,2025-01-05 1:40:08,LRN713
ec7b44a0-3e71-47ed-806b-2a89d90e766f,080c3e04-1a2c-44d2-8401-97d8c42cd2ce,Robert,Steele,"Surveyor, insurance",Williams-Caldwell,melaniegraves@example.com,(265)302-6967x1466,07378 Natasha Ridges Apt. 197,Port Kristin,AK,40952,British Indian Ocean Territory (Chagos Archipelago),51,aggregate B2B ROI,Clear coach among central help.,2025-05-29 16:11:53,LRN713
33752203-f88d-47c1-b201-457443827004,a8a617e7-1205-4a0d-b26f-13aadddc9738,Ashley,Gill,"Development worker, international aid",Hines and Sons,greermichael@example.org,554.795.5098x164,48975 Joseph Lane Suite 003,East Curtisburgh,WI,39925,Uganda,89,innovate B2B systems,Season pattern morning speech later rather.,2025-03-11 19:11:55,LRN713
141e6d4b-6a9a-4ca7-ae5b-45878ae3ec0d,a40895b1-9746-48b7-b324-5e7b03b935c6,Erik,Griffin,Corporate treasurer,Durham-Hernandez,joseph43@example.org,+1-410-372-1206x7632,509 Bonilla Canyon Suite 307,Coopermouth,MT,84971,Madagascar,20,grow user-centric e-services,Add deal raise test their test company.,2025-01-09 18:45:53,LRN713
6c947982-39b3-4d5a-abae-e31f2f3e18d3,38ff6189-0288-4ae8-8f0c-506e60956f83,Jennifer,Johnson,Environmental consultant,Shea-Ortega,nmiller@example.com,001-954-714-2307x9411,628 Nicholas Keys Suite 397,West Amyshire,KS,24144,British Indian Ocean Territory (Chagos Archipelago),90,productize extensible e-business,Artist fight case throughout argue green indeed.,2025-04-26 14:35:44,LRN713
f396efab-e69d-4765-902f-b31a7c61e564,aa8e3299-2ab4-4e3d-94f5-18cd57cd6a93,Kevin,Moore,Theatre stage manager,Ray-Ramirez,parktravis@example.com,+1-737-622-1771x82866,56950 Wilkins Light,Whitneyborough,KS,19573,Djibouti,51,cultivate B2C schemas,Debate form mean soldier ability.,2025-07-24 10:15:25,LRN713
2773f8c2-d946-4810-8b1f-d9e56124efc4,2a21928a-f97e-4864-9729-cc319e4e197b,Nathan,Nelson,Risk analyst,Peters Inc,warnerbonnie@example.org,917-541-4355,8717 Jeffrey Landing,Port Christopher,CT,20877,Uruguay,57,productize web-enabled mindshare,Third second true throughout action play shake.,2025-04-12 16:33:02,LRN713
41b3b0b8-6a8e-42c0-bf3b-31ee5c08ec2a,9b8e7c2d-adae-494a-a98c-5d85f5a8d26d,Jennifer,Schroeder,Banker,Newman PLC,alyssareynolds@example.com,+1-648-561-4578,628 Lisa Bridge,Carrfurt,NY,29756,Iraq,71,incubate holistic e-tailers,Health beat what behavior option inside base.,2025-06-03 7:19:04,LRN713
c3f03ef3-d0a6-4385-86b4-3b963ded6ffa,afb38999-aada-4af4-9c0a-330de38bb00e,Eric,Ramos,Scientific laboratory technician,"Robertson, Sparks and Spencer",rdavis@example.com,(524)565-3493x5864,254 Strong Canyon,Alexandermouth,OR,71574,South Africa,78,visualize mission-critical channels,Manager room full cost quite science.,2025-03-28 3:33:01,LRN713
4541113e-eaf0-4393-8ec8-7b785531a04f,d49141c4-5d18-4e46-8acc-060e67207443,Amy,Washington,"Pilot, airline",Robinson and Sons,jonesgregory@example.org,(593)981-1205x7697,859 Taylor Cove Apt. 908,Steelehaven,AL,45611,Panama,72,utilize user-centric web-readiness,Key raise pattern explain fill.,2025-08-22 6:15:05,LRN713
0a7f8e90-bdfe-48ad-a7e1-1171e1885397,433900cc-d352-4417-b793-f605d6b56ed6,Holly,White,"Designer, furniture",Rose-Lopez,ujohnson@example.org,001-943-871-9133x40573,590 Jeffrey Villages,North Josephside,FL,65442,Afghanistan,38,harness transparent supply-chains,Teach only service page similar nature.,2025-06-29 11:50:15,LRN713
0b6c0ce7-690c-4cca-9f52-2724123b2e27,0fcee6b1-7b51-424a-a986-808d9ad66185,Patricia,Martinez,Estate agent,Prince-Kane,lauren13@example.org,(409)888-4282x421,48278 Reed Extension,East Jessica,NY,49087,Marshall Islands,10,brand open-source bandwidth,Him top around statement.,2025-09-19 11:30:29,LRN713
9bd813b6-c356-4506-9331-a88dfd057648,e13e0ddc-f2ab-47db-a2ef-0ac5f707e0b9,Jennifer,Washington,Ceramics designer,Adkins-Martin,andrew80@example.org,001-589-222-4772,4320 Mark Hollow Suite 740,Joshuastad,VT,11459,British Indian Ocean Territory (Chagos Archipelago),15,iterate enterprise portals,Follow party cause sell.,2025-03-26 3:52:26,LRN713
02722255-efad-4e5d-92e8-3a7df5af197f,ad8a2401-5c72-4a3f-925a-f7595dd1c2b1,Timothy,Parsons,Technical author,Goodman PLC,brownrobin@example.com,760.792.9286,277 Leslie Street Suite 014,Stephanieside,DE,96025,Thailand,9,deliver robust interfaces,Front act heavy community investment.,2025-03-18 8:22:19,LRN713
0abfaa45-bdf7-43bb-86b0-f1a8f5392842,2297fd55-7cfc-4a47-ba77-de57999df69a,Chelsea,Greene,"Investment banker, corporate",Robinson and Sons,elizabeth38@example.org,453.872.6673,064 Christine Viaduct Apt. 702,Brittanyfurt,RI,11896,Algeria,40,cultivate end-to-end networks,Prepare indicate quickly can.,2025-08-08 21:40:14,LRN713
e701680a-8f11-40aa-bf17-bedf30a29eaa,b2696506-1b01-48a0-9151-f3b1f013151a,Jeffrey,Norris,Mechanical engineer,"Morris, Vazquez and Taylor",normaclark@example.com,+1-702-510-7908x460,24380 Stephanie Ports Apt. 305,Lake Charlotte,KS,51299,Guinea,7,visualize plug-and-play platforms,Practice study deal.,2025-03-07 8:57:55,LRN713
a846cceb-7ac7-431a-8d8e-8654d5ecbe40,77da1888-d905-43c3-9b50-e8a52c2d4962,Sean,Lane,Office manager,"Parker, Gonzalez and Mccall",jorge78@example.com,+1-515-428-5984,6967 Edward Fork Apt. 392,Heatherton,UT,29274,Norfolk Island,87,facilitate one-to-one partnerships,Market forward another total explain already instead.,2025-04-10 23:56:46,LRN713
553562b2-ab47-42a1-8232-8b6b8bdbbe38,c1cd380a-9419-4ebd-9c59-1d63f8669f88,William,Carter,Information officer,Robinson Ltd,bingram@example.com,316-262-7745x252,729 Daniel Green,Deborahland,MN,72543,Indonesia,12,orchestrate impactful niches,Air surface night.,2025-08-21 16:07:23,LRN713
279c2c63-f391-424e-b2bf-cfbe55ab698c,ed3ff98c-fbc6-4fa4-9b5f-19339edf342e,Amanda,Garcia,Research scientist (physical sciences),Morgan-Palmer,whitekendra@example.org,(544)599-8480,08303 Jessica Avenue Suite 533,Vazquezton,MN,11400,Dominican Republic,91,seize viral e-services,Someone whatever national create improve him again season.,2025-07-20 14:16:11,LRN713
28e87fe5-214b-4f20-8cdb-57ab3ad707cf,ef3fc69d-2e21-46d4-b60e-70eedd0e0390,Scott,Keith,Psychiatrist,"Barton, Robinson and Tyler",savannahwheeler@example.net,001-653-861-2928x8768,1548 Marc Mountains Suite 846,West Anthonyland,CA,50105,Tokelau,70,facilitate granular synergies,See important against stand Democrat minute miss.,2025-03-29 19:26:58,LRN713
8466e919-4d45-4e64-9cee-40bd19b3141c,3c13c6f8-7f99-4899-ba2d-25b0d36c1ba5,Jonathan,Lopez,Dancer,Carey-Gibson,ujohnson@example.org,951-579-8088x902,51376 Kristen Forest,North Miranda,NM,85407,Guyana,57,cultivate world-class paradigms,Ever your moment.,2025-07-30 0:19:08,LRN713
254c4df4-6dd6-404c-ae33-4d97ab680a43,b9191cd1-08e8-4fbe-a5ea-ead2d145559a,Dustin,Austin,Field seismologist,Butler-Brown,susanadams@example.net,001-851-551-5845x556,747 Soto Drive Apt. 208,Lake Michelleberg,FM,59943,Bolivia,74,scale B2B systems,Ask choice rich feel challenge wait.,2025-07-16 20:08:37,LRN713
07877c40-f553-42aa-981c-57dd81457d2d,1cdc812a-1280-48c4-85ea-58cf8de68e77,Ryan,Vargas,"Restaurant manager, fast food",Wiley LLC,lewismary@example.net,001-738-853-5977x271,3441 Shaw Glens,Thomaschester,DC,40539,Cote d'Ivoire,18,redefine vertical synergies,Everyone kid charge cultural health.,2025-09-08 1:51:13,LRN713
5ccc4424-522a-4150-a649-4b8fe930fcbc,f136d8c1-204c-4338-a5dc-8fcac620a289,Richard,French,Advertising copywriter,Bowman PLC,whitney80@example.com,(317)323-0973,9637 Andrea Locks Apt. 174,North Thomas,NC,50579,Estonia,75,envisioneer bricks-and-clicks models,Sport race head decade clear less.,2025-05-02 14:44:34,LRN713
d16d58e8-2a88-48c0-81f2-b2f9c556ab18,c05e1ac7-2fb8-4031-aef9-c2d61ae8e70a,Cameron,Nielsen,Advertising art director,Mayo Group,barbara47@example.com,(853)312-2649x64748,5147 John Plain,Lake Brandonchester,SD,82055,Cuba,66,re-intermediate B2B ROI,Last school individual place than ground soldier.,2025-04-28 23:01:15,LRN713
974fed15-9ea0-4033-a65b-f8e80e17ca51,4d8d455f-4f13-4491-8edb-730220c7a633,Christina,Hampton,Aeronautical engineer,Ponce-Simpson,bryan09@example.org,+1-230-652-4549x450,680 Alexander Road,Aliciafort,PR,50203,Bahamas,66,revolutionize e-business infrastructures,Decide guess firm parent measure still fight.,2025-01-13 22:35:34,LRN713
a308f0bd-5bf7-4b76-ac52-7fe392a64674,f48600e7-3411-45b6-a406-a4f0d914d276,John,Stewart,Electrical engineer,Nichols LLC,moorebenjamin@example.org,8246766456,9179 Ashley Plaza,Kennedyshire,NE,44433,Turks and Caicos Islands,85,empower e-business portals,Show until ask despite.,2025-04-07 23:13:29,LRN713
bedad561-31a1-4a9b-981b-c9c78fd853a0,00f89ec7-a568-4891-b6c4-5a03ea1465a9,Brandi,Hardy,Industrial/product designer,Strong and Sons,rdiaz@example.org,607-711-7061,51100 Brown Villages,New Cody,DC,97219,Belize,21,benchmark robust initiatives,Meet to site so.,2025-06-24 8:18:01,LRN713
02f7a006-e0d7-456d-b98c-59524901ced4,c8a81b34-389f-4716-9dd2-c47ba95cd307,Christina,Miranda,Chemical engineer,"Martin, Whitney and Beck",jeffreywilson@example.net,847.705.6717x33818,95892 Ayala Islands Suite 784,South Michaelton,MP,39459,Yemen,68,mesh 24/7 mindshare,Past realize goal person exactly.,2025-09-14 18:24:17,LRN713
4f5dd14a-2609-4d17-a889-29192cfbd635,0212df34-21f5-44fe-9fa5-77b319176f64,Kimberly,Hutchinson,Financial manager,Black-Stevens,john42@example.net,(651)899-6226x316,685 Jones Extensions,Hallberg,NH,10959,Angola,73,deliver killer methodologies,Reality summer once indicate sometimes.,2025-02-14 23:51:44,LRN713
feb0ddb3-44c9-400a-a746-e20cfe45a03c,2161bb79-2893-44ca-a457-babb820c7665,Ronald,White,Restaurant manager,Duncan PLC,charlene82@example.net,001-600-616-0112x23878,078 Stephanie Hollow,Port Emily,PW,3364,Australia,4,enable dot-com web-readiness,Focus section he wind make other.,2025-08-16 3:36:56,LRN713
a9389bf3-a406-41a0-a831-664353aa6871,f7b29393-869e-4815-9511-6eb635be8152,James,Dawson,"Therapist, nutritional",Ayers-Smith,vdunn@example.com,799-682-3798,5867 Ward Port Suite 553,Victorfurt,WY,82775,Panama,55,synthesize revolutionary experiences,Economy time campaign day.,2025-01-05 4:42:47,LRN713
343330cc-45a3-4be5-9130-f33eecf54741,8a3c42bb-f99d-4d59-884f-d0a47574f1c7,Jennifer,Scott,Photographer,Blair-Martinez,bakerscott@example.com,600-245-0799,203 Olsen Green Suite 280,Port Sharon,ND,89229,North Macedonia,71,reinvent end-to-end deliverables,Yes already seem lawyer bring consider work.,2025-06-28 15:32:31,LRN713
736e64d5-9a64-46f2-8cd8-f8b501a016fe,7a5f8117-6c43-4c9c-940f-dffd07b44f30,Tina,Perry,Personnel officer,"Gibson, Mcmahon and Russell",fmorris@example.net,(899)327-6289,1717 Katherine Islands Apt. 416,West Jeffreychester,HI,33276,Belize,6,enable enterprise relationships,Stop finish include change strategy audience pick.,2025-09-03 10:39:30,LRN713
bb7cf0d8-cc26-4ee5-be73-324955d0f122,3f8245f2-7fce-4fee-96ec-6a4d53d4ca0a,Robert,Jones,Minerals surveyor,Moran Ltd,mark26@example.com,+1-408-917-1555x2431,216 Michael Groves,Hayshaven,SC,5374,Honduras,77,envisioneer real-time portals,Through human create peace sure challenge.,2025-07-21 16:39:17,LRN713
7e07ec35-1f98-4824-beed-56dae7ce8578,6692cecb-35a5-40a3-9f2b-be36818014f8,John,Juarez,"Civil engineer, consulting",Parrish Inc,salinaslisa@example.org,(285)875-5146x1155,641 Lisa Manor Suite 182,Michaelmouth,OK,95341,Slovenia,53,extend ubiquitous eyeballs,Force group admit happy face prepare.,2025-06-17 3:59:18,LRN713
695d346c-164b-42fd-a81a-b6f053dbe01a,4dd90c58-af33-401a-979e-b70056bffaff,David,Lucas,"Research officer, political party",King Ltd,xjackson@example.com,564.317.6583x53378,3378 Williams Stravenue Apt. 763,Hurleymouth,KS,60965,Northern Mariana Islands,49,strategize dynamic e-markets,Because seek admit serve century same guess.,2025-02-14 14:59:13,LRN713
0600b50e-78f1-473f-ba9b-90581c84fec3,4b6213a6-0a5b-4332-a21d-49be04d8a0a5,Richard,Christian,Secretary/administrator,"Miller, Griffin and Martinez",uthompson@example.net,+1-903-412-5050,4762 Mueller Mission,Glennland,OK,24144,Burkina Faso,43,scale impactful networks,Ask behavior throughout teacher down soldier student.,2025-09-10 11:16:31,LRN713
616a1393-e16a-44a9-b58e-09fcfec7cfc3,419bc29d-4585-4e1a-9ddc-7d8b4477d79f,Sherri,Russo,Camera operator,"Adams, Wise and Graham",shull@example.net,739.283.9896x50830,896 Daugherty Bridge,South Angela,AK,36984,Poland,95,re-contextualize ubiquitous vortals,Financial my newspaper.,2025-05-07 20:22:30,LRN713
fb14b595-a756-4e67-975a-c6c0b825fadc,34929984-9018-42d9-a6c3-8a9636742b07,Jessica,Fletcher,"Nurse, mental health",Wood Ltd,christian24@example.net,001-753-904-2052x546,5684 Travis Mission,Lake Faithbury,AZ,47394,Azerbaijan,36,engage back-end experiences,Heavy officer quite change.,2025-09-03 18:55:27,LRN713
c1cf08c3-63ea-43eb-9083-3a5503d95216,e51ebe01-8d3f-481b-a908-3d5e1b0f0b2d,Tammy,Palmer,Teaching laboratory technician,Choi Ltd,stephanie28@example.com,757-439-6096x775,93700 Matthew Prairie,Petersport,SC,76920,Ireland,85,synergize open-source platforms,Success will really machine talk.,2025-06-12 12:00:45,LRN713
51e4571b-6b1d-43e0-a8bf-270436d2e989,35131889-2552-46fa-9446-67f85727b144,Andrea,Bauer,Media planner,Flores PLC,melissa33@example.com,001-859-624-5115x77394,3697 Bates Corner,Moyerburgh,PR,90257,Yemen,63,revolutionize clicks-and-mortar paradigms,And increase management card.,2025-02-24 18:53:43,LRN713
e20e2afc-aebb-4c37-8c76-dcd2b8237843,be4acd0a-b290-4900-bf25-81c0813c7048,Maria,Mitchell,"Administrator, Civil Service","Blackwell, Rios and Conrad",nicholejohnson@example.net,3778317844,955 Drew Via,Colonview,AS,68795,Tanzania,25,synthesize B2B experiences,Trip maintain sound face actually.,2025-06-17 14:34:30,LRN713
a0951cfc-1e72-4568-a1c2-5d60a3b7274e,de2934ed-47af-4793-8a60-27dc5908ba1d,Elizabeth,Gonzales,Civil Service fast streamer,Porter-Adams,brookssteven@example.org,700.396.2269x804,148 Whitaker Gateway,Whiteshire,MA,63358,Wallis and Futuna,27,deliver cross-media e-business,Democrat class production what suggest idea security play.,2025-08-29 16:23:34,LRN713
f3451ed7-b6a8-4c30-8766-c9bba475959d,3a18b84d-b238-4a3c-9d47-97fcba8ec682,Stephanie,Yang,"Administrator, sports",Turner-Sherman,feliciakelley@example.com,6263005462,57307 Gregory Grove,Pratthaven,AK,42540,Belarus,42,strategize 24/7 schemas,During exist computer realize rather.,2025-04-17 15:43:12,LRN713
fdf8a228-431e-4d52-a477-3bc428675f26,7a3dec7f-2afd-4dfc-ba70-eeda99d796ce,Jennifer,Johnson,Pension scheme manager,Castro-Mcdonald,fmcmahon@example.net,001-802-898-9230,512 Lindsay Via,Kimberlyburgh,NM,47318,Macao,46,mesh compelling methodologies,Western doctor goal nothing my rather.,2025-02-08 22:54:15,LRN713
4da0778b-46fa-46f2-b3eb-6ddea1166900,72a59617-9963-44ea-801c-d89ce1734f00,Judy,Newman,"Therapist, speech and language","Drake, West and Weaver",nicholsjoseph@example.org,609-872-6389x027,4704 Weaver Mountains,Hartfort,VA,41822,Cameroon,42,innovate granular communities,School much not.,2025-02-20 5:22:26,LRN713
4c83b3ac-5fac-447e-9d55-3ba6eab84ae9,696ff4fc-1828-4bd7-99dd-23e8fd00529a,Bradley,Cook,Public relations officer,Hill-Cline,martin85@example.com,925.930.6238x5555,210 Michelle Trafficway Suite 832,West Kyle,NV,91115,Turkmenistan,27,expedite turn-key info-mediaries,Structure Democrat help kid fact effort ten.,2025-09-05 21:22:15,LRN713
dc22c21b-ccb0-434a-8bcc-54e8d8c00707,fcea3ed9-f163-497e-9bb3-9f1950dcaf1e,Donald,Ross,Tourism officer,Nguyen LLC,debbieporter@example.org,966.612.4969,038 Johnson Mountain,East Jasmine,MH,63139,Grenada,46,incubate holistic e-services,Find have animal song over.,2025-07-19 5:30:03,LRN713
18f7c80f-c64c-4ea7-84ab-c87381447b05,610aa82a-dc19-4486-b804-ea3888f6d4e3,Tracy,Smith,Advice worker,Livingston-Ward,tlewis@example.org,001-287-573-0655x00445,40343 Williams Loop Apt. 580,Gomezfort,VI,69769,Vietnam,68,iterate scalable functionalities,Couple top decision Republican somebody.,2025-04-16 21:02:39,LRN713
cc291d9e-5084-48fc-862a-455ddf007b6c,7bd5fca7-eaca-4d13-8b9f-cee25fa0084d,Julie,Lang,Ranger/warden,Walton Group,vgonzalez@example.com,918-535-6421,6631 Wilson Field,Brewerfort,MP,41475,Iceland,89,extend end-to-end initiatives,Professional town anyone power.,2025-05-06 21:15:05,LRN713
a40ba2f0-9b2e-4a34-9909-50a52a7d0959,7cb13b55-0097-4853-bbec-9f5fd0badd23,Tiffany,Bray,Video editor,"Lopez, Thomas and Thompson",lparks@example.org,(646)981-9131x83641,95205 Leblanc Crest Apt. 008,Jessicaview,OH,6806,United States Minor Outlying Islands,21,empower collaborative relationships,Building political add you ago thousand maintain.,2025-07-15 5:30:59,LRN713
8a0626a7-8849-45b8-9af2-bb6f675bb631,ca47f082-12a4-4c80-b57d-4ce25974c236,Tony,Gray,"Conservator, museum/gallery","Nunez, Hinton and Green",psmith@example.org,001-439-205-9684x86922,624 Susan Divide Apt. 808,Johnsonshire,FM,49912,Russian Federation,22,orchestrate user-centric bandwidth,Yourself off reflect minute win mother source.,2025-05-18 7:48:38,LRN713
884bcd72-badb-4f0e-8b91-14b978086198,f0cf5577-b4af-4813-b080-2ccc6607d455,Nicole,Rocha,Careers adviser,"Lopez, Moore and Clarke",jamessmith@example.net,379.395.7425x2337,64395 Sharon Stream,Sheliaside,MS,84787,Trinidad and Tobago,5,grow integrated communities,Force require address success determine spring home.,2025-03-05 7:28:57,LRN713
f7d0e11c-c795-4ac3-95d1-4afdf4ea2ad8,3b367186-c366-41f6-8a2b-c6cc859d0ec2,Donald,Baird,Farm manager,"Perez, Bryant and Hernandez",zgonzales@example.org,(499)932-9667x35741,52931 Heather Ports Suite 454,West Cynthiastad,AR,8150,Argentina,61,cultivate collaborative action-items,College memory reflect wonder also occur law.,2025-01-16 0:04:58,LRN713
c198ac93-0775-4d8b-bb34-8ec948c9bab6,b8e52e5a-e6d8-4c0e-b8a9-863373dd5d55,Megan,Patel,Psychotherapist,"Mcguire, Schaefer and Haas",jessicawest@example.net,(903)536-2202x4820,82704 Paula Roads,North Craig,MO,21921,Canada,100,reinvent back-end deliverables,Century audience hot pay avoid weight must.,2025-05-25 1:09:24,LRN713
e4a9e147-f1d2-457b-8d31-63712031a64c,8b5d3654-3876-4d03-8080-08d3467a31d3,Casey,Davis,"Journalist, magazine","Phillips, Shepherd and Williams",uburns@example.net,+1-402-948-1394x69266,22186 Orr Spur,Port Emily,WY,3801,Netherlands Antilles,6,engineer web-enabled content,Job your teacher.,2025-05-23 15:31:25,LRN713
1d86978f-105e-461f-8e7f-38e360a1e0c9,8f6f7c41-20e3-4b02-8b3a-8c1bb7440bae,Wayne,Lewis,Bonds trader,Ruiz-Rogers,walkerdevon@example.com,(463)364-8682x1513,1172 Harper River Apt. 247,North Julianberg,ID,62135,Barbados,18,transition rich markets,Mind charge take point.,2025-05-17 11:42:51,LRN713
00031e05-6353-4988-b446-fd47c941ce3b,a62da6ec-0586-41fa-9fb2-51d5463a5284,Jesus,Pena,Social researcher,"Mcgee, Johnson and Solis",taylordiana@example.org,7738921542,02196 Taylor Pass Suite 846,Lake Bradleymouth,WA,4109,Malta,28,integrate global niches,Billion anyone sister tell.,2025-04-24 11:33:24,LRN713
cf7831ce-60e5-4c5c-8161-0c5e5421df33,dce80f3d-8dd0-473e-ae75-e701bf5d12b3,Thomas,Moreno,Curator,Barnes Inc,zacharyscott@example.com,641.991.2401x427,448 Harper Meadows Suite 886,East Williamview,SC,46341,Turkmenistan,18,empower end-to-end deliverables,Unit account service treat.,2025-05-22 10:50:49,LRN713
68264e01-a040-4066-84ca-d01778442642,27eac590-be91-4540-ac92-d9044316a580,Joshua,Gomez,Artist,"Cherry, Ortiz and Johnson",hardincurtis@example.net,791-981-1733x037,4855 Laura Plains Suite 523,New Kaylaland,UT,52416,Saint Lucia,83,transition global infrastructures,Most condition base both manager finally.,2025-03-10 10:13:37,LRN713
6fac71f3-1a4e-4bf9-b972-b7d13ab8d0c0,815f81f7-b810-4bdb-91a5-172f4bfabcb9,Christina,Lopez,Financial controller,Mccoy PLC,heatherburch@example.org,8135204878,74201 Rita Key Suite 289,South Jessica,LA,80862,Cyprus,21,embrace B2B initiatives,Option whom magazine evening edge.,2025-07-29 3:15:53,LRN713
9082bc3e-b05b-48f3-8c32-966aed185775,fec2ec89-526e-4a37-aac3-a652d07242e4,Laura,Perez,Estate agent,Gomez-Mejia,santiagobrandon@example.org,506-414-0511x94784,86424 Johnson Corner Apt. 285,Stonechester,FM,47884,Mali,74,facilitate clicks-and-mortar infrastructures,Enjoy action part agent nor shake.,2025-09-14 20:36:49,LRN713
a2acf0c9-1d05-4c26-a568-e947e490a209,0f28d48b-2e38-4916-8a77-22220617527e,Lori,Parker,Technical author,"Shelton, Vega and Ball",kellyarnold@example.com,001-255-586-9387x234,1119 Jason Camp Suite 594,East Jimmy,MA,62152,Nigeria,42,synergize synergistic e-services,Such consumer seem democratic recognize whatever record.,2025-07-02 20:28:37,LRN713
40b9af6b-2490-444d-8a14-39ad45e4d1c6,85d0ab08-6f09-4e0c-8a04-075345d885e8,Angela,James,Research scientist (physical sciences),Hernandez and Sons,vreid@example.com,(403)919-3318,5763 Wilkins Cliff Apt. 156,South Lindsaybury,VA,26144,Macao,50,extend plug-and-play systems,Mr organization dinner call Congress help gas.,2025-01-06 21:28:17,LRN713
c3d574ae-4cd5-4121-a82b-a89903e96498,98f3c510-fd14-4a5d-8051-b5f7a5ed1e86,Daniel,Collins,"Restaurant manager, fast food",Cline LLC,lambertmichael@example.net,001-560-331-3755x48951,899 George Cliff,Parkertown,MN,36501,Estonia,63,evolve viral platforms,Debate however sometimes gas.,2025-04-29 16:42:55,LRN713
1aa93fdb-8b37-49a5-9330-34b38599c801,f38a62e3-233b-4447-80d4-f4711b3b02cd,Andrea,Marks,"Conservation officer, nature",Doyle LLC,ginamullen@example.org,+1-413-707-8068x948,978 Wood Burgs,South Dylanport,MT,39010,Northern Mariana Islands,19,exploit interactive supply-chains,Left success impact property bill marriage coach.,2025-08-08 11:31:45,LRN713
974a989e-b7fa-47b9-b81a-d933e3d6f893,b170f0ed-c438-4bbf-b845-155783f02131,Cody,Davis,"Scientist, product/process development","Frost, Davis and Thornton",zparks@example.net,309-517-6771,965 Werner Park,Rojasfort,VT,99504,Montenegro,67,extend proactive methodologies,Third anything factor should.,2025-05-03 15:51:47,LRN713
931c6bc7-b6e3-4309-ae98-70d1d5cb02ad,b7931596-b86e-4787-b5a8-ca60934c482c,Shelia,Best,Dietitian,Melendez-Young,john30@example.net,+1-424-470-8642x42981,9023 Davis Valley Suite 654,Jonesville,KY,90930,Japan,80,exploit value-added partnerships,Method Democrat available traditional turn.,2025-05-19 4:38:00,LRN713
6c78eb14-7632-4d36-98ad-51d30b172c94,68d2f0b4-e1b0-4d41-8d50-3c7c733e3e56,Eric,Robinson,Osteopath,"Sanders, Levy and Hall",edwardstanya@example.com,(557)265-1592,56623 Jennings Stravenue Suite 918,East Kimberly,SC,41544,Israel,14,utilize killer ROI,Way view personal itself nothing air teach.,2025-06-12 13:56:12,LRN713
36388e10-f2d8-4f2e-8cbf-3f1440048507,d852516d-a0c3-4923-85d1-3436a54f97cc,Ryan,Young,Holiday representative,Roberts-Vance,george55@example.net,(830)332-8269x415,8272 Bell Crest Apt. 828,South Sheilaview,NC,51643,Eritrea,95,engage killer info-mediaries,Over Republican couple throw.,2025-07-11 11:16:33,LRN713
5b6a7b38-fe78-4c95-8a20-cb1190741c9d,c1bbb987-9687-45fa-8a98-a52a6ad49f99,Kyle,Singleton,Adult guidance worker,Green Group,nramirez@example.org,+1-307-265-7126x12327,18228 Jackson Curve Suite 513,West Jasonhaven,IL,23011,Turkey,79,architect front-end synergies,Fight care education require especially billion.,2025-03-30 23:25:36,LRN713
2e3863a7-735d-4ac0-a8bf-57287339c3d0,7d042e1a-544f-4451-a3d5-fe54177321ec,Shannon,Acevedo,Data scientist,"Lewis, Smith and Leon",emmabray@example.org,6207727816,560 Stewart Springs,Jeffreymouth,SC,11134,Djibouti,34,synergize integrated relationships,Not film bank audience expert better open.,2025-06-22 19:10:08,LRN713
4dcdd0a5-57f4-411c-aff1-5af677b29004,6ed223aa-b48e-4fe1-a19d-a744ef5f1fe1,Jennifer,Reilly,"Research officer, trade union",Smith-Smith,laurenbanks@example.net,+1-912-880-2028x109,0584 Bradley Meadow,Johnsonton,NY,6935,Guernsey,59,whiteboard out-of-the-box networks,Practice Mr sometimes cultural less cover record.,2025-05-27 5:25:06,LRN713
7d03bf23-ee12-4efc-b34c-ec1e71766e3e,8d19c859-fa22-4d8b-a106-d0301768fc09,Megan,Dunn,Field seismologist,"Molina, Chang and Tucker",oavery@example.org,001-809-993-5874x26102,7798 Anna Union,Moorebury,CO,92971,Austria,87,aggregate leading-edge action-items,Leader day well through style stay.,2025-05-31 7:51:58,LRN713
9f773c89-5cfd-4a14-8c1c-5d148600554e,d141350d-3227-4801-89ee-8a8c0a858d1b,Christopher,Chambers,Software engineer,Arnold-Lane,freemananthony@example.net,709-804-7823x426,3130 Reyes Pine Suite 299,Allenchester,MA,46658,Tunisia,39,innovate world-class communities,Dog oil truth.,2025-04-11 13:59:52,LRN713
27b5840d-f913-4b37-99f6-e508fa9fd1d4,46c2fbcb-8e02-494a-82c7-f472b081613f,Erica,Price,Comptroller,Williams-Roberts,jeffreycallahan@example.org,6265151377,16443 Adams Ranch Apt. 636,Abigailport,WA,41861,Oman,89,architect sticky convergence,Require thing ago evidence boy.,2025-07-25 3:24:10,LRN713
974900b2-8dbc-43c2-a18d-d81561d33f1b,0e1cd848-1384-4146-ad7c-55ca81430706,Jessica,Gray,Community arts worker,Davis-Leon,doughertytyler@example.net,954.586.1340x52908,238 Martin Gardens Apt. 789,New Craig,DC,99765,Sierra Leone,67,iterate holistic experiences,Weight require surface road out movement.,2025-08-10 19:41:12,LRN713
eadf9afd-e693-49c5-a746-e9bcab4ad4f7,438c1392-4310-4c31-bcd7-e1a975beb8e5,Elizabeth,Farrell,Applications developer,"Flores, Richardson and Brown",schmittpaul@example.org,(461)291-0717x86186,7525 Morrow Mills Suite 644,West Mollytown,MP,59989,Cook Islands,75,grow vertical schemas,Gun fight increase share security scientist.,2025-08-20 7:53:40,LRN713
a578ce06-7a03-447e-b666-614f5cc7f275,5a01ce73-f5e1-462f-bf84-fd2287c03f7b,Daniel,Wilson,Research scientist (physical sciences),Wu-Allen,leekristine@example.com,(738)980-6057,88859 Mccall Stravenue Apt. 595,New Roberta,FL,98963,Malawi,50,mesh value-added relationships,Cover safe between night.,2025-07-21 20:08:21,LRN713
f30b5c23-8b52-4ec6-8fac-ec631669cbb4,358abca0-d4f5-444a-b5ec-ae08c2959b69,Amber,Bullock,Sport and exercise psychologist,Green and Sons,pedrojones@example.net,+1-246-240-1051,3902 Fisher Prairie,East Tamaramouth,AR,70528,El Salvador,84,morph end-to-end convergence,Realize me seven outside step fast international.,2025-05-09 11:11:06,LRN713
f27ced04-9e23-4e9a-b943-dbf3ff5b84cb,868c814c-3e2c-408a-b673-14160d735291,Michelle,George,"Nurse, mental health","Carpenter, Figueroa and Olsen",davidjones@example.org,483-284-4553x98967,9969 Frazier Harbor Suite 348,Lake Ryan,TN,12416,Cook Islands,86,synergize cutting-edge content,Third know road president agreement.,2025-01-12 13:53:11,LRN713
a26ba1f6-34a9-4c00-939a-1fe8b39f4b09,07c3762d-4c31-47c5-ad47-f317c9621c53,Jason,Mitchell,Management consultant,Sharp Group,samantha03@example.org,+1-595-434-4411x301,24340 Willie Trace Apt. 407,South Derek,AS,70719,Israel,69,target bleeding-edge channels,Series see claim follow.,2025-08-29 21:59:19,LRN713
16aae9d4-5fb4-4041-a2c1-a4d1d021c391,192b0613-22ef-4ebb-8f44-960ff875ba8c,James,Santana,"Therapist, nutritional","Johnson, Montoya and Campbell",daniel99@example.org,(575)465-1955x1657,205 Brandon Shore,New Kelsey,PR,7016,Christmas Island,71,strategize enterprise models,Buy woman effect ground audience.,2025-08-11 15:01:23,LRN713
c74f4092-d9d9-4106-8d03-076e54aa10ec,a266c0b0-7948-4f8b-b154-b5e90870e04f,Charles,Morales,"Teacher, special educational needs","Howard, Cook and Mendoza",petersrebecca@example.org,001-790-592-1181x9417,95658 Brett Plains Suite 042,North Andrew,AS,994,Botswana,8,aggregate intuitive users,Program information identify yes series chance choice.,2025-02-25 14:11:14,LRN713
ae6bd638-856e-44a1-9273-c94e72d3587c,3241811d-1074-439f-a79f-91fb3776e504,Hannah,Gay,"Teacher, English as a foreign language",Atkinson-Weaver,tmoss@example.net,(303)222-6642x4580,120 Ramos Summit,Hermantown,WI,16211,Mexico,72,target value-added content,Do compare response treatment up school pretty.,2025-06-15 0:40:56,LRN713
6dc3c079-40e6-491c-af31-6d76374399b4,67df52b8-3265-43da-8c6f-686da0d94e59,Shannon,Wright,Research scientist (life sciences),Morgan Ltd,nancybarnett@example.com,(720)769-6238,0021 James Ports Suite 207,Leahborough,NV,65257,Zimbabwe,65,strategize B2C paradigms,Charge writer research heavy growth.,2025-03-13 23:15:40,LRN713
4a9c6d71-0133-46c3-b84b-bca15ba2113c,37fe4d94-a106-4bae-a440-f58029fa30e0,Amanda,Jones,Acupuncturist,"Chang, Thomas and Ballard",wilsonconnor@example.net,(689)787-8945x353,29417 Flores Fort,Port Matthew,NC,49656,Thailand,80,strategize revolutionary e-commerce,Agree suffer huge determine song she drive.,2025-05-25 8:42:17,LRN713
26adfea9-af4b-48a4-be0b-61a9208da35d,358d6275-87ae-47ab-b7b4-d1a19e0b65bf,Cassandra,Peterson,Air cabin crew,Taylor-Jackson,maldonadosteven@example.org,001-585-564-6508x507,068 Lacey Manors Suite 177,Ryanshire,WA,55203,Zimbabwe,7,maximize viral bandwidth,Environment get board surface.,2025-04-04 4:54:32,LRN713
b9a09f37-bef0-4829-bad0-07ab00ab86e9,ec23fc7e-8310-4e05-8a6c-8cd266bd4b2b,Katherine,Anderson,Occupational therapist,Larson-Schmidt,christopherriggs@example.net,881-316-9222x7482,1493 Michael Cape Suite 255,Port Nathanielberg,OR,49597,French Polynesia,69,seize strategic systems,Recognize reduce boy small east low.,2025-03-25 10:06:08,LRN713
b5fd1b82-2fa7-4941-b273-29d931704623,02ba8cee-07f3-4ec7-8fbe-65d811111d75,Abigail,Brewer,"Journalist, broadcasting",Williams Inc,brenda82@example.org,6715319572,63827 Annette Curve,Bryanmouth,SC,65863,Nigeria,70,transition innovative web services,Speak art soon year likely none nature.,2025-09-18 4:55:57,LRN713
671d8888-e8d0-484e-9c69-dcfe639bc17e,7d2f1728-605f-4bb7-b261-4804c322493d,Nathan,Harding,"Administrator, local government",Jones-May,jenniferwade@example.org,999-406-0706x599,32854 Moody Plaza,South Nicholas,RI,57320,Western Sahara,96,leverage cutting-edge web services,Nice race everybody quickly east open.,2025-08-24 14:10:11,LRN713
46e88470-7de5-44ba-a342-271bf8052fe5,bf879d47-4370-4640-8287-b5513af37630,Charles,Williams,Furniture conservator/restorer,Harris-Smith,qduran@example.org,001-943-770-9023x445,970 Martin Plains Suite 697,Lake Reginaborough,CA,81398,Nigeria,10,visualize cutting-edge channels,Theory value bit.,2025-07-15 16:40:31,LRN713
13d8fa32-ea2f-48fd-9d95-1ddcac448d98,4583ee59-6490-40a7-9093-e68a2f3a5b68,Adam,Whitney,Technical author,Mendoza-Sullivan,rcontreras@example.net,(424)532-2480x44407,1965 Jacob Harbors Apt. 772,Karenbury,KS,53190,Timor-Leste,28,disintermediate back-end relationships,Kid wrong important try whole guy.,2025-05-16 13:27:57,LRN713
884a085c-5ae0-427c-816b-ad8f205d4762,7bfa2ed5-02cc-413a-b99c-cc935d60c957,Leah,Patterson,"Sales professional, IT","Sanders, Ward and Booker",lindsey36@example.net,600.586.6882x162,839 Brady Pine,Robertsport,PA,4416,Martinique,69,repurpose out-of-the-box mindshare,As reflect market she.,2025-05-02 6:52:11,LRN713
0f29d345-82c2-41ff-9179-3d083e456409,f871cc7e-c75f-416b-b039-d4839e016679,Amber,Simmons,"Psychologist, forensic",Cruz-Patel,tiffanyellison@example.org,(939)846-7596x864,2870 Peterson Passage Apt. 665,Heatherport,AZ,59338,Guyana,19,repurpose front-end experiences,Police fight live information.,2025-07-04 22:08:41,LRN713
23b4cb62-acbb-49e0-9053-09b3bc6dc3e6,c6cd3fa0-3b4f-4ca1-8a15-c040fdcef1e2,Jennifer,Macias,Systems developer,Travis-Howard,shortdalton@example.com,337.619.7813x532,071 Howell Port Apt. 183,Port Calebfurt,NV,12271,South Africa,46,implement efficient functionalities,Defense sport spring.,2025-05-17 7:43:10,LRN713
c63feaa1-5382-40b7-9fb2-e21dbbd4d60b,f910feb0-fcf6-4921-8cc1-7760fdfb187b,Kyle,Clay,Fine artist,"Archer, Morrison and Green",marisamack@example.org,525.600.5806,0466 Montoya Pines,Smithhaven,PR,27821,Saint Helena,3,benchmark clicks-and-mortar ROI,Food impact represent yet admit sort analysis.,2025-07-09 19:02:12,LRN713
77657f98-70b0-4173-bf45-07facacd642d,923b8212-e225-4848-9346-b26e80b8c7ce,Emma,Farrell,Learning disability nurse,Robertson Inc,lawrencetiffany@example.org,2068631053,4581 Paul Alley,Crystalview,LA,27409,Iceland,30,evolve back-end synergies,Career evening maybe.,2025-03-20 3:29:39,LRN713
d38b201e-c5f2-4ca3-8afe-c5556e08a35a,e8e1ab32-9864-4d2f-be9e-e29622b45bd7,Christine,Garcia,Sports therapist,"Dorsey, Conway and Wright",patrickharrison@example.org,879-211-1013x4666,888 Kyle Groves,East Virginia,AZ,80472,Madagascar,77,expedite world-class e-business,Into fight ten agent.,2025-07-27 11:56:56,LRN713
70cea7c2-9477-4c26-9b07-4087c158574b,198572df-3b4c-4ca5-834c-aae39bc54560,Christopher,Perez,Animator,"Thomas, Hayes and Todd",gibbsalyssa@example.net,(697)449-7951,35028 Gail Centers,North Sydneyton,IL,25607,Qatar,41,streamline back-end platforms,Then worker fly learn.,2025-08-20 0:58:00,LRN713
596813f1-fb12-4c72-809f-b548928b547f,5b64e611-eee5-4498-81b0-57a62fd267d6,Emily,Young,International aid/development worker,"Miller, Ellison and Graves",xward@example.net,+1-586-855-5791x8021,94373 Patricia Extensions Apt. 028,Port Danielshire,DC,99771,Azerbaijan,93,synthesize extensible applications,Community toward off add.,2025-02-09 11:56:44,LRN713
94cc23b6-bcea-4db8-8c43-b9be94704960,7e91f2b1-a316-40bd-9ced-526345d1bc1f,Allison,Owens,Logistics and distribution manager,Khan and Sons,aguilarkevin@example.net,(299)734-4040,074 John Meadows Apt. 936,West Cynthiahaven,IA,44666,Myanmar,42,enhance mission-critical experiences,Unit else fire develop often son raise.,2025-02-11 22:48:44,LRN713
ff7f4150-5c82-4f08-a166-8a79a313b72e,0988b545-6751-4f17-ac59-1ce08c2e008a,April,Hodges,"Doctor, general practice","Miller, Mcclain and Alvarez",elizabethcook@example.org,893-479-6517,2149 Mark Alley,Willieview,WY,75310,Libyan Arab Jamahiriya,79,morph transparent experiences,Base city tough memory while again step town.,2025-01-21 11:31:45,LRN713
f0875543-a9e9-492b-873c-7260106affe2,4e405169-a92d-467b-9d24-9c35bf51f549,Nicole,Winters,Local government officer,"Olson, Webb and Gomez",smartinez@example.net,+1-491-470-8328x51338,0159 Travis Alley,Juanchester,TN,31021,Afghanistan,25,synergize transparent eyeballs,Treatment coach write.,2025-01-24 12:33:07,LRN713
1cc61456-897d-4231-86ff-520aba0a151c,a61a345c-60e3-4d46-8356-ceab04584238,Laura,Brown,Gaffer,Ramsey-Williams,ojames@example.org,696.593.7433x77835,38496 Harris Club,Brianchester,MI,81994,Saudi Arabia,52,integrate open-source applications,Population foreign foot watch dark let.,2025-08-14 20:08:17,LRN713
67e8647d-311c-42f5-a7e2-c519449b05fc,4f9d9adb-3499-4dc6-b100-e42dca33b8db,David,Miranda,Health and safety inspector,Duncan-Haney,aaronharris@example.org,001-537-223-4771x83621,849 George Flat,New Jose,OR,47594,Benin,99,e-enable 24/365 functionalities,Safe political institution officer.,2025-08-11 13:06:43,LRN713
565cdcc8-a8ce-4c4e-9e36-64661457d375,37240845-5e0f-4982-b791-fd5f6e823899,Kara,Malone,Food technologist,Boone and Sons,santosmeredith@example.net,666-580-9254x30693,27391 Wiley Mission Suite 730,North Michellefort,SD,81753,Bangladesh,44,aggregate e-business convergence,National policy between push trip middle carry.,2025-05-22 8:28:22,LRN713
e6704471-6a58-4877-a5b2-eb97ecf94d0d,816d8c1c-fff0-47e4-a8ff-eba7799620cb,Robert,Douglas,"Doctor, hospital",Elliott Inc,chloe17@example.net,(781)615-0590x2977,542 Peterson Circle,Lake Joannafort,UT,7261,Netherlands,15,synthesize collaborative niches,The discover help far follow.,2025-03-02 8:16:33,LRN713
5e987c61-5301-43fc-9504-579c17e9c6fc,ccaaf54a-fa2f-4425-a21b-ef7e78b782af,Erin,White,"Editor, magazine features",Palmer Inc,azuniga@example.org,485.365.5342x930,9616 Williams Ferry,North Carol,OR,16299,Lao People's Democratic Republic,100,deploy robust systems,Focus from continue.,2025-06-30 6:49:14,LRN713
3d220e05-824c-45cd-a6aa-df8692b16150,031f28d8-cd7e-423f-a366-a5e45a2b75da,Mark,Cross,Psychotherapist,Franklin-Wilson,thompsonwendy@example.org,282-286-5563x2257,9727 Amy Crest,Port Yolanda,CA,62222,Syrian Arab Republic,15,transform ubiquitous action-items,Machine network inside hit system specific.,2025-02-11 4:32:07,LRN713
f32a4db2-782d-45a8-86d7-6dd3dcb03edd,fa36a23a-13a2-4b85-93ec-fdf346f89998,Amber,Kennedy,Materials engineer,Matthews-White,pamelareyes@example.net,362.603.9983x4890,2998 Gibson Lights,East Tina,MA,84065,French Guiana,71,deploy extensible users,Bag morning couple thank coach skin know.,2025-03-14 5:22:54,LRN713
1e032533-113f-4106-b1d6-45f813fb670c,b7c1fd28-3d9e-4d32-8dd6-df6b591d0f86,Sarah,Morales,Environmental education officer,Whitehead LLC,pattonsandra@example.net,537.298.4533x616,317 Ashley Tunnel,Millerport,LA,72364,Bermuda,77,disintermediate web-enabled communities,Condition seem reveal and best start.,2025-08-06 20:45:06,LRN713
c329918d-8588-40ae-b70e-dcfb89788bc9,18673998-45ec-4f4f-b1ce-2f02c918830f,Tiffany,Nguyen,Pathologist,Leon PLC,dustinrodriguez@example.net,550-703-1239x64555,99102 Daniel Walk,North Gregory,WA,70478,San Marino,11,matrix bleeding-edge platforms,View create arrive rest.,2025-04-22 12:05:10,LRN713
f49f035a-4967-4f27-8668-564c04ee6d5b,6b85d2ad-2496-4ccf-a76e-fe0b53ecc0a2,Melissa,Waters,Plant breeder/geneticist,"Weaver, Rodriguez and Valdez",matthew80@example.net,729-275-1322,428 Justin Circles,West Calvin,CO,32487,Cayman Islands,68,engage web-enabled networks,Structure town business week issue.,2025-08-19 21:22:17,LRN713
736049ca-181d-456d-aa67-94c1b1584bd7,7fc36e69-cbbf-4318-a4d5-0f6bfa36bf83,Jordan,Atkinson,"Engineer, maintenance (IT)","Martin, Peters and Martinez",dbaxter@example.net,+1-224-379-8052,55961 Wong Radial Suite 395,Michaelport,FM,88824,Denmark,60,mesh turn-key e-markets,Phone build beautiful school discussion scene.,2025-05-11 13:12:50,LRN713
b20a3c6a-1325-4714-a867-ba78490eac42,bcd5a878-2416-4f56-9d94-4b1f2ed8fb8b,Sheila,Wallace,Publishing copy,Garcia-Anderson,carlgriffin@example.org,(234)466-3000x22487,214 William Rue Suite 724,Sheltonton,RI,32301,Estonia,97,harness plug-and-play relationships,Somebody institution reveal fill.,2025-02-23 3:44:42,LRN713
e8e1322f-6923-407c-b1b4-e613da644ca9,d511ed93-2f51-4b5f-9217-c879954199f6,Antonio,Brady,Engineering geologist,Duncan Ltd,diana37@example.com,+1-307-731-7604x90149,615 Jeffrey Track,Deborahstad,OR,84442,Namibia,55,deploy next-generation metrics,She reality allow own condition.,2025-02-11 1:13:27,LRN713
2d6fc84a-c5ee-4cd7-8166-0a87f1840d3b,941e3af8-9178-4dfc-88be-3d18f0d88a6a,Amber,Cole,"Runner, broadcasting/film/video",Greer Inc,josefigueroa@example.net,475-538-2159,735 Natalie Track,Lisabury,IN,2178,Belgium,38,embrace dynamic eyeballs,Election loss ahead product.,2025-09-12 7:24:08,LRN713
2daaa278-b8c5-436c-9afb-a5f6a9dc3180,c49bcc59-013d-4e05-91b4-f693d0b291e0,Angela,Davidson,"Pilot, airline",Quinn PLC,wwilliams@example.com,601-523-4327x8160,11884 Andrew Pine Suite 205,Dillonport,CO,96335,Guyana,71,incentivize holistic platforms,Mean party big light.,2025-02-25 22:09:20,LRN713
d0341490-ecf9-479d-9c35-d8c078460977,842be950-b767-41d9-aa6c-34954ff4114a,Christian,Harris,Camera operator,Castaneda-Avila,raymondmccarty@example.org,764.437.7698,902 Michael Landing,West Racheltown,SC,52583,Ecuador,27,matrix leading-edge e-commerce,All pay Mrs begin beautiful.,2025-05-09 11:17:45,LRN713
b9772f91-d40c-4eb4-9b3c-fa970a07b1c2,c866a5d6-1873-4254-9051-887f77b92ea8,Mary,Reed,"Secretary, company",Miller-Ibarra,medwards@example.com,(553)805-6695,644 Wallace Forge Apt. 834,Anthonyshire,DC,24259,Aruba,89,maximize visionary solutions,Could long sell policy.,2025-09-20 3:15:02,LRN713
3758a22f-0cf3-4726-9883-b7e17de84dfd,0921685c-f684-4537-87c3-c3668fd6b1d1,Reginald,Archer,Physiotherapist,Morris-Simmons,pameladudley@example.com,967.808.3353,46838 Mary Village Suite 194,North Timothyport,NE,74510,Tanzania,59,enable mission-critical interfaces,Rise establish same drive recently significant option political.,2025-09-22 17:01:01,LRN713
3821b2a5-fa1a-4f8f-9ff2-9c512bd9d14b,8cc5a168-c710-4c26-a774-7bff256ac439,Robin,Collins,"Scientist, marine",Christensen and Sons,zkemp@example.net,387.909.0313x5594,334 Avila Inlet Suite 321,Tranland,OK,65539,Papua New Guinea,78,redefine cross-media eyeballs,Truth news such wish sign west.,2025-07-06 15:29:29,LRN713
1262bf76-f64b-45ac-b176-6411e53d96fd,ccc67a95-4603-4e01-a43b-f7bea6398375,Kevin,Barnes,Visual merchandiser,"Davis, Richards and Cole",wgamble@example.com,796.647.8277x63151,57230 Donna Crest Suite 055,Jacobsonburgh,AK,36971,Belarus,40,iterate innovative schemas,Fire military trouble seem present.,2025-07-27 3:30:08,LRN713
da5d3c79-95d4-462c-8a2a-6c99a570cf30,1f5e693f-1275-4404-8c67-4783e142110b,William,Wagner,Acupuncturist,Brown Group,reedstephen@example.org,+1-790-206-5674,78290 Sarah Points,West Meredithbury,MO,81285,Eritrea,7,re-contextualize visionary portals,Able indeed air.,2025-04-29 20:00:00,LRN713
34bc8b83-4428-4e72-8137-68cae60fd338,075ad9f6-67af-4d81-9881-18c8f8e4f105,Patrick,Hamilton,"Administrator, charities/voluntary organisations","Nash, Buchanan and Meza",alexander04@example.org,(273)401-1768,264 Susan Ford Apt. 819,Buchananland,IA,33310,Malawi,44,incentivize bleeding-edge solutions,Finally tax quite beyond care.,2025-08-09 22:44:39,LRN713
8082e6bc-2183-4184-bdc7-172f110137ce,122cecc7-5642-491d-8fc8-509825656861,Steven,Flores,Clinical research associate,Gibbs LLC,sharon94@example.net,545-808-7584x1852,010 Carter Throughway Apt. 827,New Monique,IL,73332,Uzbekistan,2,target intuitive e-commerce,Style simple authority push car.,2025-06-13 1:28:12,LRN713
acadf5f8-f09b-4d4a-8045-17ec20b77263,900052c8-4f13-49fc-93d3-3435bdac7c11,Kristen,Hughes,"Designer, textile","Russell, Lin and Castillo",hswanson@example.org,752.772.8462x06910,40057 Robinson Mountain,Zhangberg,MO,16213,United Arab Emirates,23,orchestrate strategic interfaces,Central be discussion former road.,2025-05-19 1:13:41,LRN713
d0bbd397-d16d-40ad-b351-69fcb5791a3e,36b8fa27-0eda-48a8-99ac-4785c846a2ec,Sean,Brown,Environmental consultant,Russo-Anderson,ugoodwin@example.com,(666)201-2901,163 Cynthia Cliffs Suite 418,South Danielland,UT,15833,Tajikistan,59,iterate cross-platform mindshare,Knowledge smile care available happy receive.,2025-04-04 5:50:00,LRN713
cc8f24ed-930a-454b-826f-76ac86f24bf6,81acce47-9b59-4672-95de-47fd0c79ff3e,Jeremy,Thomas,Haematologist,Brewer-Soto,hartjennifer@example.com,5232329205,69074 Julie Vista Suite 619,North Alexisfurt,PA,83308,Latvia,93,streamline dot-com experiences,Easy while value air late.,2025-06-07 3:33:30,LRN713
5b20507c-8df8-4fb6-a95a-2744c3dab2e9,321827a3-2104-432c-aad5-d25e2fa57720,Erica,Hart,Oceanographer,Garrett Ltd,edwinwilson@example.net,739-741-7586x290,6700 Green Squares Apt. 038,New Heather,ND,85817,Azerbaijan,33,mesh integrated content,Together building particular ability often.,2025-05-08 1:58:56,LRN713
344b7bfd-6954-4622-b8cc-89c526c2dfb5,8e0097b9-5a2f-499f-b4dc-f5bdceb7e25a,Wendy,Bean,Web designer,"Hall, Wilson and Bryant",btaylor@example.org,208-707-5191x852,7305 Laura Mountains Suite 069,Justinside,WA,65188,French Guiana,11,deploy ubiquitous relationships,Like eye sound kid dinner person.,2025-04-08 8:43:54,LRN713
373267c9-7085-492a-9186-5e778af3e48d,f59d7f3e-6b0f-426a-bdf4-2cf85627e064,Sarah,Howell,"Engineer, agricultural","Carpenter, Duran and Fisher",christyshelton@example.org,9009961910,94128 Lewis Summit,Kirkbury,VT,38956,Eritrea,87,expedite real-time models,Development then glass plant popular family.,2025-03-18 15:54:13,LRN713
876c2c06-b0e6-4600-90c1-8d3066ae6966,c76d0e2e-a70e-469f-b353-a19b44db3f35,Stephanie,Roberts,Horticultural therapist,Juarez LLC,xthomas@example.com,001-403-985-3907x29331,320 Wilson Hill,Bateshaven,AK,47506,Finland,53,brand magnetic methodologies,Decade color memory.,2025-01-03 23:09:24,LRN713
9f5128ca-316a-4f36-8530-53cd54fa084d,722d3a63-19f9-469f-b818-df5a5dac6837,Jennifer,Bates,Sales promotion account executive,"Stewart, Miranda and Hodge",thompsongeorge@example.com,001-231-779-3073x069,0485 George Passage,New Melinda,SC,69194,Tunisia,13,visualize rich initiatives,Draw month material call list produce.,2025-05-07 17:34:31,LRN713
e58e98d2-4bde-4d03-8c1d-a73592df37fd,13d45df8-1874-4a9b-a32e-4ef88b06227a,Samantha,Smith,"Education officer, environmental",Fisher-Gordon,vickie55@example.org,+1-232-818-6767x6827,39449 Allen Light,Garyfort,NC,14527,South Africa,78,benchmark visionary e-business,Rate onto move mother likely back enough.,2025-01-12 17:42:28,LRN713
a8d04f37-2f1c-4017-bc15-e4eff509c08b,fb7de8ee-1a9b-46d5-b20e-3b7a6940fa41,Kimberly,Cooper,"Psychologist, counselling",Murillo and Sons,laurenhardy@example.org,316-553-2466,5357 Reynolds Route Suite 047,East Josephchester,MP,63867,Turkmenistan,50,grow distributed metrics,Another home clearly four agent sometimes.,2025-01-11 10:40:47,LRN713
89afdb6e-8696-40f8-86ad-04ea2ed3eaa0,aca79799-9f97-405c-aa93-840038e4843c,Eric,King,Armed forces logistics/support/administrative officer,Walsh-Robinson,loretta11@example.com,490.328.7399x6963,813 Gibson Dale Apt. 873,Port Kristen,WV,62737,Central African Republic,38,synthesize revolutionary eyeballs,Increase series huge pay author officer.,2025-05-08 11:48:37,LRN713
7597bd34-cbd2-4e3a-95f5-1bc0a1d9b438,072dd77a-1924-48c8-92cb-d343ba77666f,Robert,Sandoval,Heritage manager,Burton PLC,ortegaanthony@example.org,965-865-7511,87844 Brad Locks,Bridgetberg,DE,23504,Germany,44,innovate front-end e-commerce,Likely firm forward.,2025-02-25 11:07:01,LRN713
4b0a149c-e3d6-45bf-bb7d-41c043327b68,91ba9de3-4039-41ea-b613-4ad0201c6c9b,Teresa,Osborn,"Editor, commissioning","Simpson, Franco and Hernandez",skinnerjames@example.net,001-611-570-9387x2941,96908 Beth Squares,Kellyburgh,OH,4391,Panama,80,morph compelling schemas,Thank by compare chance.,2025-10-05 9:06:26,LRN713
d3d2da7b-4a46-45d5-bebb-0e49bc654d79,1a3b33d6-a63d-4d5a-ad6b-85e4408d1919,Leslie,Green,Set designer,Cooper Inc,patricia38@example.org,+1-402-948-7346,162 David Camp,Josephberg,OR,63866,Chile,10,mesh efficient e-markets,Yard those structure candidate practice two half agreement.,2025-05-25 22:28:01,LRN713
97f6beca-8401-44ea-a41c-12d06c40cb36,40da1fca-de3d-4a17-a94c-8f44c347e99c,Raymond,Taylor,Pharmacologist,"Zuniga, Cabrera and Rodriguez",catherine05@example.org,(392)702-0977x2220,9404 Kevin Extensions Apt. 664,Millershire,AK,81027,Cape Verde,63,synergize transparent communities,White project even before foreign the yes decide.,2025-03-23 5:32:01,LRN713
a0c0c461-42d7-4381-8f1b-6232a856db04,a6ffd655-1d2d-4343-a59c-c885b6ee88fb,Raymond,Faulkner,"Development worker, international aid",Roach-Riley,lisa10@example.net,+1-789-724-7453,07916 Brandon Prairie Suite 526,Port Deborahside,IL,56440,Uzbekistan,42,innovate open-source mindshare,Various join may media how rule.,2025-01-15 16:59:28,LRN713
cb505672-1f6f-4789-93e4-279ed10f9578,cbcec5df-195c-4c67-bc34-f73135345895,Amanda,Mcpherson,Sports administrator,"Brown, Peterson and Smith",jenny14@example.net,+1-828-456-0307x354,9705 Pace Hills,Daniellefurt,OK,42539,Afghanistan,73,unleash integrated architectures,Add late watch really.,2025-03-16 23:05:01,LRN713
10499f7b-93b6-4b41-a59f-44213696364a,54a63c9b-e48e-4275-a25a-bb01933817ff,Amy,Clarke,"Nurse, mental health","Wilson, Barton and Logan",williamwalters@example.net,+1-201-239-1521x8716,28746 Carla Mission,East Jamesmouth,ME,56606,Lebanon,47,integrate efficient channels,Other either vote heavy.,2025-03-28 0:11:32,LRN713
ebc97a87-17d8-4a47-8282-1f38ae96b0f9,35f75d8d-2f8c-4480-9a95-ea11b625799d,Crystal,Wright,Human resources officer,Malone-Sawyer,garrett35@example.org,(832)804-6201,7696 Joseph Cliff,Angelaside,VT,57375,Sao Tome and Principe,65,harness open-source channels,Raise within according town deep.,2025-07-19 2:10:12,LRN713
c5f20f05-8ca2-433c-ba6f-b8373c25c4cf,a106a8e7-648d-4c66-84b3-bfd51affd79c,David,Pennington,Firefighter,"Gaines, Brown and Johnson",rwebb@example.org,3765974236,22051 Matthew Plaza,Bettymouth,WA,23929,Tuvalu,54,utilize clicks-and-mortar technologies,Congress leave choice read.,2025-03-21 8:35:17,LRN713
6de43ce5-27ec-4162-99a5-42b8aabb0b79,cde336e7-694e-4fb0-a42e-404af28d7b4a,Jacqueline,Crawford,Police officer,Day LLC,lisa14@example.com,(840)724-4886,1986 Jason Forges Suite 032,Davidport,TX,47965,Luxembourg,46,evolve B2C niches,Small fill compare lay free general.,2025-10-02 10:03:10,LRN713
5dca0357-4469-4fd0-a972-033cc5befff0,316dd865-7f25-42d8-85fe-e081795366d9,Christina,Williams,"Buyer, retail","Johnston, Woods and Wallace",nathan88@example.com,(888)357-7731x944,7065 Henry Glens,East Patrickshire,IN,40062,Niger,33,empower compelling supply-chains,Sea election security clear.,2025-01-09 8:06:14,LRN713
198eddbf-c209-4f7b-8850-b0a5351d5351,13b57280-fa95-4a0a-bdc7-258924462574,Cynthia,Sullivan,Industrial/product designer,Gonzalez-Kim,michael47@example.com,5173280512,905 Thomas Isle Suite 141,South Rebeccafort,CO,50787,Syrian Arab Republic,90,deliver one-to-one supply-chains,Leg reflect move allow could kind.,2025-07-21 13:50:06,LRN713
edf5e443-7407-4783-9269-fc653c102014,2cc49709-6a0e-42fe-8924-7710f8247c11,Charles,Stevens,Communications engineer,Mcconnell-Curtis,ellisshane@example.com,001-957-736-1786,605 Austin Hollow Suite 084,Anthonyville,WY,37809,Panama,14,empower user-centric web services,Reach so chance former common fire.,2025-04-30 18:30:02,LRN713
019fcfb4-e8f9-488e-a5ce-99c234f3bbe4,ddf555f2-568f-4edb-b0a3-b2fa8967a06d,James,Hooper,Animal technologist,Davis-Aguilar,stevenrodriguez@example.net,881.254.4339x10178,2141 Jamie Island Suite 491,South John,GA,82408,Bangladesh,10,brand transparent channels,Most continue instead peace executive man next.,2025-02-02 0:51:56,LRN713
a3739ea5-b1e3-48da-927b-bb721f0b284f,834600da-4313-4404-8140-3242f8e68729,Michelle,Jones,"Accountant, chartered certified",Crawford Inc,colleen68@example.net,407.834.4047x758,4575 Maria Mountains Apt. 590,East Brandon,RI,80646,Seychelles,87,productize granular partnerships,Magazine best finally along.,2025-04-22 8:49:47,LRN713
f1b0d452-5c72-4325-a075-6b3cd049cb64,82644109-5f4a-4838-89fb-d730ff124ef7,Samuel,Graves,Patent attorney,"Erickson, Davis and Malone",andrea12@example.net,(555)566-9838x0917,744 Shelly Unions Suite 820,South Cynthiashire,WI,86266,Lebanon,68,integrate leading-edge functionalities,Music scientist position side center present far phone.,2025-06-01 17:05:45,LRN713
c688fc97-8a5c-429a-b02f-1a5f50d74ea5,e229e510-0668-422a-865a-2c470bd23365,Daniel,Miranda,Chief Strategy Officer,Thompson-Alexander,qrowe@example.net,001-897-601-5312x8473,99504 Holmes Freeway,Taylorville,TX,82606,Namibia,29,orchestrate visionary info-mediaries,Performance choose child.,2025-09-07 1:08:10,LRN713
28b9c6ba-6092-416e-9ec0-3533e7cf9d35,c7373beb-aec1-40b2-bc85-ea92526e4ef6,Stephanie,Wallace,Transport planner,Nguyen-Baxter,lisa17@example.com,+1-431-794-4615x408,10159 Jessica Prairie Suite 433,Hamiltonborough,NC,24971,Singapore,86,expedite impactful models,Both stock Congress growth business eight expect.,2025-02-25 10:28:53,LRN713
f68e83bd-50c6-4a68-a402-dc69d13f61ac,78b06c1c-bb8e-4c23-9e09-12e0ef432690,Patrick,Reed,Soil scientist,Smith PLC,katie48@example.org,723-642-4529,580 Steve Row,Brightmouth,NV,23439,Rwanda,53,transform granular e-markets,Doctor hold manager data toward.,2025-03-09 20:10:36,LRN713
f8329f2d-60b7-43a3-8a91-60c3eb9ea877,844f9a3c-5048-4651-8a07-36d39718e31e,Joseph,Johnson,Police officer,Salazar-Lara,williamskirk@example.com,722.408.4604,819 Crystal Falls,Port Carlaberg,IL,7012,Northern Mariana Islands,38,streamline sticky initiatives,Minute network sort simply effect.,2025-05-13 15:04:14,LRN713
fea21aa8-bc2c-4891-b46b-2e72373c9661,3684d99d-c7df-411c-a0be-4b01a957a70f,Miranda,Lopez,Electronics engineer,Lee Ltd,perrytravis@example.com,7994201692,2100 Allen Streets Suite 679,Allenstad,SD,25694,Gambia,10,optimize mission-critical technologies,Heavy similar from admit building.,2025-09-26 17:59:51,LRN713
87cd40fa-4860-4f95-8a8c-d54496878d2c,af07ad47-d3d6-4d55-8584-2a052f7a17bc,Gina,Robinson,"Engineer, electronics",Massey Ltd,laurenaguirre@example.com,(928)389-8303,71503 Kevin Mission Suite 686,New Paulton,WI,48758,Mali,61,transition interactive web-readiness,Attorney low industry.,2025-10-09 8:13:06,LRN713
21883cf6-85b1-4417-a6ec-3519ea7035fd,769e69c9-32e1-4955-90a5-5d8514ad31cc,Hayden,Smith,Immigration officer,"Mendoza, Edwards and Matthews",amy68@example.org,(235)859-3451,2072 Rowland Mall,Allenberg,VT,33093,Gibraltar,40,mesh dynamic niches,Put then collection southern land.,2025-09-21 11:30:40,LRN713
8c244925-8259-4326-88fa-05bf08dbfaaa,7592e221-944b-498a-9782-9657224a81ea,Gabrielle,Adams,Professor Emeritus,Miller-Gardner,wtorres@example.net,001-209-438-3328x379,185 Graham Keys Suite 204,Danfort,AR,74356,South Georgia and the South Sandwich Islands,19,benchmark cutting-edge action-items,Suggest specific little those during item.,2025-06-13 22:00:22,LRN713
6f986e38-24ba-41b3-86a1-d12e5434ec55,cc5b1d78-0027-4c8a-9c4c-b213b88cbced,Breanna,Cox,Music tutor,Barnes LLC,lisareed@example.net,639-957-8455x9073,88756 Smith Valleys,Payneberg,TX,93781,Saint Kitts and Nevis,93,deliver ubiquitous functionalities,Song wife surface house majority.,2025-09-03 3:37:06,LRN713
c7c63b49-441b-4449-bec6-37adfc43519e,bad08ce6-e84f-4c1e-8dd7-f82305b8981b,Lindsay,Love,Music therapist,Hamilton-Delacruz,cheyennegarcia@example.org,(951)419-4930x128,9775 Ferguson Stravenue Apt. 231,Mooretown,VI,45184,Falkland Islands (Malvinas),12,revolutionize holistic vortals,Standard your me chair message eat.,2025-05-28 18:41:38,LRN713
091a1f65-edb3-4abd-80e4-54c7c2c7df7e,c7e38610-d0da-4471-a27b-7d744c7abb81,Andrew,Webb,Communications engineer,"Jackson, Jackson and Sullivan",samantha35@example.org,718.399.2363x67992,9817 Annette Plains,East Natalie,MA,15787,Argentina,46,evolve frictionless vortals,Cause late mission finally begin necessary.,2025-04-09 9:08:52,LRN713
d30fff1e-9673-4ceb-8b6a-be7972f10929,f4c95a6f-f76a-4859-913c-5e50d83eac26,Ronnie,Singleton,Dealer,Mitchell Ltd,charles66@example.org,496-961-9539x68582,69347 Lori Mountains,Port Michelle,VA,20108,Croatia,68,enable sticky networks,Structure strategy government despite energy.,2025-04-18 12:32:42,LRN713
3336bf9a-8698-4bd4-9b62-eb9e3eba1b1c,c1ebfd8c-8de8-4631-9af5-212ef511f96d,Mason,Hill,Medical illustrator,Flores LLC,charlesking@example.org,(489)836-7598x4439,51742 Jennifer Station,Suarezton,GU,75313,Cameroon,40,deliver dynamic bandwidth,Leader them left few land instead.,2025-02-08 20:53:52,LRN713
4c55126e-00c4-48d4-8404-df43cc9cd7ab,a9525203-76a9-4652-8cfb-85a998c6e284,Amy,Hanson,Data processing manager,"James, Williams and Howell",matthewblack@example.com,284.297.9263,801 Brooks Bridge Apt. 641,East Natashamouth,GA,12690,Guinea-Bissau,98,extend seamless info-mediaries,Study itself event evidence whose let course cause.,2025-04-09 0:58:33,LRN713
fbbfac67-39ac-4a3f-8bca-0c3e2ab6d7a9,d34c49c2-284b-4a78-a67c-1841ea88f11b,Robert,Castaneda,Geographical information systems officer,Brown Ltd,adam81@example.com,(215)639-4392x975,265 Jeffery Lights,Reeseville,PA,4034,Cambodia,31,strategize holistic platforms,Including spring ago off receive.,2025-01-22 3:37:01,LRN713
976c7e41-f43f-479e-9cd5-f1683c6e506c,339da581-b2da-4e9a-84bd-79d498741cb3,Annette,Moss,"Doctor, hospital",Velasquez-Schaefer,chad49@example.net,(283)544-8158x1688,275 Gonzales Point,New Andrea,UT,44723,Czech Republic,7,monetize sticky schemas,Family to southern staff should feeling.,2025-09-05 4:13:34,LRN713
23690610-2c9e-4e4f-b3f5-887db7c21bac,4ce15689-282c-4c3e-a0ba-fcf9c16be74c,Andrea,Jones,Investment analyst,Harrell PLC,hernandezamanda@example.org,469-303-0780,5218 Kimberly Courts Apt. 913,Lake Michelefurt,PA,70064,Azerbaijan,29,benchmark 24/365 experiences,Avoid name produce a such.,2025-05-29 18:29:00,LRN713
fba40347-bd31-441c-9852-5e4a3b21449e,f2991ede-34da-4c41-8548-d3f37558a9fa,Tara,Henderson,Intelligence analyst,Miller PLC,baileychristopher@example.com,001-498-650-6540,7668 William Mews,Stevensmouth,MA,80369,Montserrat,65,expedite robust ROI,Recent everyone outside explain with way keep.,2025-05-10 0:10:29,LRN713
f80d1927-678e-4865-94cf-4e93d3262907,1795df99-055f-4fc8-8c24-d3be6565ea6b,Sandra,Johnson,Osteopath,"Spencer, Haley and Meyer",kwood@example.org,(854)522-1764x2495,496 Matthew Heights Suite 383,New Deanna,WY,55134,Oman,64,whiteboard next-generation systems,Middle suggest various ago.,2025-07-27 15:04:55,LRN713
7bdd4652-b6c7-489f-af2c-8159d0cc8525,7445e4bd-25bb-4fab-868b-55fad9b2cfa8,Jesus,Cuevas,"Radiographer, therapeutic","Branch, Pratt and Miller",anthonygreen@example.com,(957)580-2296,06845 Kelly Road,Meganland,SD,53179,Slovenia,91,redefine cross-platform relationships,Like necessary instead defense themselves within.,2025-02-06 20:37:23,LRN713
ff3d5969-ad5f-4fd2-89d6-a66cdbea6bd5,7060d50c-9b69-4642-84bc-7a9c16a2ae4b,Zachary,Baker,Personnel officer,"Kirk, Lopez and Watkins",rwright@example.com,+1-444-287-5774x340,28212 Snyder Spur Suite 802,Jessicaside,GU,95119,Reunion,97,integrate bricks-and-clicks vortals,Stock today trip.,2025-08-26 0:09:34,LRN713
0d79761a-6d67-42c1-bd09-0354438084cc,7a87bb9d-d679-475b-8811-0d1f048957c0,Brad,Davis,"Conservator, furniture",Pena-Contreras,tchang@example.net,001-558-408-7645x1442,0160 Smith Corner Suite 390,West Juan,IA,50234,Svalbard & Jan Mayen Islands,21,grow 24/365 schemas,System too necessary ground couple.,2025-08-01 11:48:23,LRN713
daabdb08-5423-472b-a924-a8cd8743011c,98541749-9a4c-4ec9-aeb7-14c7a4199dd2,James,Clark,IT sales professional,Barnes-Johnson,austinmitchell@example.org,907-737-8488x10090,7677 Michael Springs,New Beverly,TN,87500,British Indian Ocean Territory (Chagos Archipelago),47,matrix granular e-markets,Financial four start star imagine model.,2025-04-21 12:38:17,LRN713
f2a1d1fc-6b7d-410b-a7b7-e6adcf7210d1,f5cfbd46-69da-434a-b7dc-c3edba980fb0,Stacy,Owens,"Solicitor, Scotland","Austin, Rivera and Foster",ubrewer@example.net,587-572-9863x59384,7276 Andrew Village,West Carrie,TX,93763,Uzbekistan,77,empower transparent infrastructures,Radio project on relate executive understand site.,2025-09-22 6:07:14,LRN713
12f0590d-5c2d-40b3-98ae-34034bccbd2b,02be7286-9008-4286-9d27-6d956175a648,Kristin,Hernandez,Music therapist,Palmer Inc,vincent99@example.org,+1-654-876-8923x79642,86598 Padilla Roads,Lake Kennethshire,MA,94108,Ethiopia,6,architect rich networks,Skin administration mention think including herself.,2025-05-25 2:16:39,LRN713
94164d3e-c1d3-4e63-aae0-051957bac1c5,ad095e36-2036-4602-942f-7a1845fbbb5d,Andrew,Walker,Writer,Scott Inc,martinezgary@example.net,713.489.4103x711,58073 Danny Ports,Ryanfort,FM,59943,Venezuela,87,morph extensible methodologies,Lose control watch interview six nearly name.,2025-02-21 19:20:06,LRN713
58eea892-90cd-4853-bc94-c390d1f35fc8,33b4be83-7677-411b-bfcf-dbcc1cf54a98,Kim,Livingston,"Scientist, audiological",Shannon-Garza,fandersen@example.com,4984159949,34627 Jennifer Point Apt. 643,East Kimberly,NJ,13623,Bahrain,75,visualize compelling action-items,How any evidence response.,2025-01-17 18:32:13,LRN713
567a6004-fe13-4dbc-b252-784f0bd4aa40,2be9a29f-8d1d-4799-8c50-711e753fede7,Rachel,Moore,Industrial buyer,"Goodman, Burch and Roberts",andersonvictor@example.org,(572)509-7171x808,761 Laura Hill,Port Jameston,CA,84736,United States Virgin Islands,68,benchmark cutting-edge channels,Tough give word century west.,2025-06-13 15:16:28,LRN713
beba33f0-d749-4d36-b63b-e62d902a23a0,5322d425-eefe-4a18-9c30-c455128107c3,Christine,Tyler,Equality and diversity officer,Peterson-Morgan,thomas71@example.net,+1-327-766-2523x4539,8754 Jared Ridges Apt. 216,Josephland,VI,56861,Somalia,4,re-intermediate back-end methodologies,Affect responsibility interest color.,2025-08-17 17:57:37,LRN713
f6bf9bed-4f46-472a-a025-b62cfd3e32f9,0d552173-40ef-414d-babd-186a22368ff8,James,Pearson,Restaurant manager,"Thomas, Taylor and Adams",jared71@example.com,001-722-939-5592,144 Brian Glen Apt. 694,Wrightland,NV,93687,Solomon Islands,55,harness value-added methodologies,Before yourself nor.,2025-01-29 18:29:50,LRN713
f38f373c-349a-4b3d-a97b-ae70a947e524,268d1c1a-a97d-485d-acf2-78f5c8e866f3,Jamie,Davis,"Nurse, children's","Jenkins, Vega and Lucas",ojensen@example.net,(794)857-7818x4761,783 Erin Bypass,South Garytown,KY,22050,Uruguay,95,re-intermediate web-enabled infrastructures,Draw unit else doctor.,2025-05-06 14:52:40,LRN713
ad70fec3-5a2e-4cee-9bcc-459e89d35a64,a4741e29-ef04-41fd-8bb9-3944c67cbcee,Cory,Mcdowell,"Civil engineer, consulting",Price-Baker,reedzachary@example.net,001-277-593-7156x2162,5150 Anderson Vista,Jimenezchester,ND,17784,Lesotho,41,innovate one-to-one paradigms,Half become crime.,2025-03-18 5:09:24,LRN713
c5b99494-284c-4d4f-a556-ae4d76dda3ca,8bdf6c14-fd47-4c28-a820-08ddb05fc667,Jeremy,Roberts,"Designer, industrial/product","Romero, Williams and Smith",ivasquez@example.com,+1-410-640-7029,8672 Landry Square,New Anna,AS,78572,Angola,18,visualize extensible action-items,Gas stage past.,2025-05-28 17:26:04,LRN713
0136fdfe-2d40-4185-b7eb-ffa38d4a47c8,39bc3750-5f84-4c31-84c9-e00c2ec03967,Rachael,Gonzales,Trade mark attorney,Taylor-Hernandez,woodshannon@example.net,866.878.7967,1946 Trevino Rest Suite 094,East Brookefurt,FL,23757,Uganda,27,strategize next-generation schemas,Simple star growth lay matter color woman.,2025-01-18 13:02:28,LRN713
b1c4c593-1101-4432-a532-de50c5458872,c2581acb-e8ad-46bd-8fa7-6167e0d59d1d,Christopher,Jacobs,Haematologist,Sanders-Bautista,jburnett@example.com,202.204.5103x1354,0555 David Island Apt. 018,Kristinaview,PW,11474,Oman,77,embrace seamless channels,Be return onto degree talk.,2025-07-04 21:24:21,LRN713
7eb9816f-599c-415e-b6df-e4e8c5edd528,7c23bc9c-a74b-4b0d-bed5-f27cc6ad1c9f,Marcus,Navarro,Environmental education officer,Mills LLC,myoung@example.com,926-847-5682x5180,2304 Cortez Roads Suite 418,Port Edwin,ME,19043,Chile,37,e-enable magnetic ROI,Accept successful month what situation.,2025-08-21 7:32:18,LRN713
fbb9bf77-6ad2-4d2a-925f-7923c5abd7d3,cb48e702-3789-4696-a979-50519b0fd75d,Regina,Miller,Location manager,Black LLC,dylansharp@example.net,+1-424-217-6557x2097,9555 Howell Forks,East Brandonborough,MI,62634,Rwanda,47,maximize seamless portals,Painting small audience campaign low a how answer.,2025-09-16 6:28:16,LRN713
fac35795-be76-405d-98a7-5572170c2592,34bdf918-566f-489e-83c6-67823fa615f4,Tina,Rodriguez,"Physicist, medical",Harrison LLC,michael25@example.org,608.518.2725x98615,043 Davis Squares Apt. 745,Jordanland,AL,1740,Brunei Darussalam,59,facilitate rich bandwidth,Reason time old remember long.,2025-06-08 16:32:56,LRN713
866207a9-f520-4089-ac9d-e2088859147d,18acab70-60a5-486d-8cae-74040e53987a,Clinton,Bender,Petroleum engineer,"Hernandez, Campbell and Juarez",james42@example.com,(433)621-7188x3414,978 Roberts Burg,Nelsonfurt,CA,54412,Bhutan,57,implement end-to-end e-services,Office daughter plant even check.,2025-02-08 6:59:39,LRN713
94b499ef-72ce-44b1-af9b-e1a5c1d45cb8,41c1db5b-b548-4427-9c53-a0ecec5e5cca,Duane,Smith,Aid worker,Scott Group,scott46@example.net,809-832-9652,60479 David Well Apt. 928,Lake Richardborough,GU,19339,Antarctica (the territory South of 60 deg S),66,strategize user-centric e-commerce,Up nearly economic mother keep artist.,2025-03-22 23:30:44,LRN713
70275da0-fbae-489f-adde-b378a6687309,021656ea-5e32-4868-b68f-260cdaea8b43,Ruth,Luna,Information systems manager,Weaver-Rice,hshah@example.net,6823908345,75832 Nolan Ford Suite 989,Lake Isaac,FL,65761,Dominican Republic,30,repurpose extensible functionalities,Increase together clearly detail machine peace yourself century.,2025-07-17 21:18:59,LRN713
8ebcb351-da18-4c52-81b7-137c75fbdfc4,8c03630d-7a9e-491c-9220-53bea41a67ab,Amber,Ortiz,Government social research officer,"Stokes, Friedman and Phelps",henryjohn@example.net,875-518-5957,15928 Acosta Streets Suite 123,Liumouth,ID,62297,Guinea,22,exploit mission-critical mindshare,Myself ball focus training before American easy.,2025-06-12 10:25:57,LRN713
24d5c123-32d4-4c9d-8849-7ed1a75dc4bf,bb73d5b2-265c-480d-ae67-c89272d95250,Sydney,Boone,Press photographer,"Simpson, Wright and Jacobs",olivercatherine@example.org,001-930-942-2504,64922 Gray Underpass Apt. 826,Lake Christopherberg,OK,89226,United States of America,61,synergize 24/365 web services,Something travel though level.,2025-02-08 22:13:59,LRN713
1a11a2e3-976e-4fb6-9744-6e13b14616c9,b2cc3d76-139a-4f07-93f3-a30a59c1f0ee,Anthony,White,"Surveyor, planning and development",Reyes Ltd,emilygilbert@example.com,001-435-916-7197x212,774 Calvin Brooks,East Ronaldhaven,DC,48192,Palau,21,engineer robust web services,Information up check record section organization.,2025-09-20 21:25:12,LRN713
aa75879a-a24b-43df-8c02-e5f253a2fb57,ce61bc22-1222-4e77-8108-88c26c0d2421,Jasmin,Richardson,"Engineer, structural",Sherman-Miller,leepaul@example.org,(694)276-7595x040,63771 Anne Path,Kiarabury,DE,97770,Sierra Leone,95,engage real-time paradigms,Discuss month skill brother child.,2025-05-16 19:37:46,LRN713
0c34d6e8-3b2c-4f11-a8af-8eb9ed563aa9,1508d1c1-4515-4528-8701-0c551607e4a9,Michael,Bowen,Financial controller,Davidson Group,williamperez@example.com,(676)536-3679x314,864 Graham Turnpike Apt. 142,Charlesshire,NE,63838,Macao,22,disintermediate granular partnerships,Vote smile hold environmental.,2025-07-06 13:07:56,LRN713
7b9385d2-fc31-40c5-8343-5852c785d55e,32422414-d5d3-4efd-93d6-b654fc30f1a8,Laura,Atkinson,Astronomer,Patterson-Garrett,kathy36@example.org,001-964-331-4118x6373,970 Thomas Run Suite 916,Lake Destiny,ID,31700,Albania,17,embrace bleeding-edge paradigms,Past wide six theory car this debate.,2025-03-03 11:44:37,LRN713
f85724c6-fc3b-41ed-96c9-e411dac786e4,a0acb7fc-76cf-4f07-aff7-cd700f39212d,Cassandra,Mckee,"Engineer, aeronautical",Harris-Wheeler,whitakerlisa@example.com,436-592-7481x0198,023 Alexander Summit,New Jennifer,RI,66085,Kyrgyz Republic,82,monetize integrated methodologies,Friend hair nature produce leave grow.,2025-01-02 10:56:48,LRN713
f3fa6b4c-f7a9-4942-aa46-73d9016f8e6c,39e73f94-cf75-4fcf-a39f-204a8ef2b7e1,Jose,Ochoa,Ergonomist,Davis PLC,austin52@example.com,484-456-7082x954,40822 Novak Curve Apt. 114,Rivasmouth,MA,55456,Zimbabwe,42,integrate revolutionary interfaces,Although market fire else hair.,2025-07-25 2:10:54,LRN713
31f0a12d-398f-42cb-85a3-7a4c661ca67c,9b084d89-4f49-4222-9a64-154fa0c05adc,Robert,Reed,Freight forwarder,Hughes Ltd,markroberts@example.net,599-339-9457,86745 Brooke Crossing,Smithview,AZ,34437,Serbia,16,repurpose compelling mindshare,Above according us party age figure admit.,2025-04-05 6:13:03,LRN713
f99910ca-7232-4147-ad50-277c29613d67,b46e8eaf-2803-4bee-8605-a52b31a100f0,Melanie,Sanchez,Radio producer,Wilson-Perez,williamskara@example.net,(813)250-7827x78220,827 Todd River,Wilcoxburgh,NH,79835,Greece,2,cultivate efficient relationships,Religious western defense what add baby.,2025-01-11 16:40:18,LRN713
c2345716-069a-409b-854b-4ca5bf4c0310,6a3c280a-ec98-4c1f-a848-8879ceaf7e51,Kathleen,Guzman,Sales promotion account executive,Morales-Moore,emily68@example.org,(374)921-8156x572,796 Erin Mills Apt. 353,Wallaceport,VT,6300,Somalia,5,deploy bleeding-edge architectures,Home charge office same particular discuss.,2025-06-07 23:02:09,LRN713
1d852dd6-1cf1-414f-ae89-589228a2a64f,86c25c1e-fe34-46d0-bd7b-565b01dbac2e,Austin,Patton,"Scientist, research (medical)",Rice-Lee,davisandrew@example.org,+1-660-965-2245x31987,492 Neal Gateway Apt. 271,Travisborough,AS,76797,Gambia,42,expedite virtual e-business,Those high camera need focus hundred.,2025-03-02 9:36:29,LRN713
565260aa-3da7-4a5e-82a5-0a26e17f9e6f,8b35fe36-1eb6-480f-be48-f337b34be29e,Patrick,Martin,Medical illustrator,Freeman-Davis,zsheppard@example.org,762-748-0930x3313,82856 Rebecca Crescent,East Jenniferview,WY,49505,Montenegro,38,transition leading-edge methodologies,Actually choice visit paper by show produce.,2025-09-19 20:56:08,LRN713
ab64280c-788f-4f8e-9a0d-fe0326c5b742,d7139af2-7a32-4578-b71a-2d535ad3c035,Heather,Mcdonald,Forensic scientist,Gonzalez LLC,wrightlorraine@example.com,865-681-6478x15374,614 Mcdowell Land Apt. 694,Lloydstad,DE,55860,Montenegro,58,unleash magnetic communities,Involve protect room.,2025-09-04 20:42:58,LRN713
b3a860da-037b-4f0b-9b26-27c1607466d1,a511c8b7-ac51-47ea-930d-d6f8fa77a14d,John,Lowe,Operations geologist,Jones Inc,kathryn95@example.com,479-968-9188x260,696 Villegas Cliff Suite 960,Morganton,AZ,43326,Hong Kong,24,re-contextualize back-end web services,Or yourself door resource.,2025-05-06 1:55:29,LRN713
321af7e3-01de-495a-b32c-a46d2b66a162,01e6c398-6d8e-4c6d-a366-832b2f1c7de3,Levi,Smith,Wellsite geologist,Adams PLC,louis34@example.com,+1-860-436-5155x2587,61756 Timothy Fork Apt. 227,North Thomas,WV,68663,Samoa,70,enable rich web services,Through court challenge peace wide sign.,2025-01-07 3:11:07,LRN713
2b96203d-16f9-4fbf-a43a-fdb568035331,0fea81d9-6cd0-4005-bbeb-c160f8bb731b,Arthur,Barker,Sports administrator,Norris-Crawford,wendywillis@example.net,001-885-779-3596,496 Dawn Tunnel,Lake Danielle,WY,22564,Philippines,72,morph collaborative e-services,Eight even her possible go chair.,2025-02-07 4:55:30,LRN713
18ae7a5a-9b68-4acd-886e-8f4a8114e7aa,4aa2c19d-1579-4780-acb6-dd422cebbbfd,Jason,Gonzalez,"Engineer, mining",White LLC,martinezjulia@example.org,707.576.7972x91422,38449 Dickson Roads Suite 878,Ortegafurt,MN,57234,Mauritania,10,engage rich methodologies,Personal wife form here over our.,2025-04-30 5:48:08,LRN713
b84d135b-171c-4d67-918b-4becfb769a36,996afb56-1d46-4b11-853c-1c3a6ad5afb8,Michelle,Chambers,Television floor manager,Singleton-Perez,oliviagreen@example.com,769-244-7730x17101,967 Lane Fork Apt. 803,Michaeltown,GA,27170,Slovenia,46,utilize interactive models,Culture lose ability her herself.,2025-02-27 2:02:39,LRN713
a0f2384a-5d18-4108-a361-634cca30fc63,e2e7c40c-e2f2-4705-9977-d78c092ffa39,David,Ryan,"Investment banker, operational",Pham Group,christine87@example.net,001-268-367-0725,759 Sandra Club,South Williamville,WI,45079,Saint Helena,18,integrate strategic metrics,Yet safe school.,2025-01-04 0:29:14,LRN713
224d5efd-3d17-40bb-95c0-4a1d37b4f219,1fe8197d-200f-4cca-87dd-098cdd7ff269,Alyssa,Mccoy,Research scientist (maths),"Carr, Kramer and Hayes",brandon58@example.net,886-876-2387,6675 Sandra Ranch Apt. 746,East Timothyshire,MH,16328,Pitcairn Islands,13,scale vertical functionalities,Political ground lot culture list positive.,2025-07-02 10:43:26,LRN713
f660d77d-16b3-431e-8519-55bef9e62699,8f0bc82d-0f1a-4430-a8a2-7f37cae6f29c,Elizabeth,Daugherty,Television floor manager,Carrillo-Lawrence,caseytraci@example.org,001-794-792-8903x54624,49620 Hannah Meadows,North Taraton,OK,28920,Tokelau,87,empower turn-key initiatives,Nothing card voice collection tell.,2025-08-17 5:47:01,LRN713
1b6d8679-dc3e-4566-81fd-5c8efeca253b,ae39860b-1018-46af-a8d3-d43fd1c5537d,Rebecca,Zimmerman,Astronomer,Jones and Sons,vargasdon@example.org,443-468-2450x2272,9040 Doyle Courts Suite 936,New Ronald,AL,63475,Grenada,38,streamline user-centric metrics,Picture upon energy food.,2025-02-27 2:21:31,LRN713
f8087f97-6ed1-4377-8619-e23f9bee6600,eefcc26d-6c12-4a06-a0eb-90a325f03f0e,John,Ellison,Herbalist,"Martin, Reed and Davis",bradshawtiffany@example.com,306.944.6767x9191,211 Miles Circles Suite 462,Port Joshuaside,OK,65006,Samoa,7,facilitate one-to-one systems,Democrat PM there local today.,2025-07-01 8:37:15,LRN713
a6030e46-c698-48ac-a497-faa6262ad929,019e199e-e289-4b34-bfe7-c2eec713f23b,Nicole,Lee,Careers information officer,Johnson PLC,ericbrown@example.net,001-590-535-6901x0439,613 Stafford Ports,New Bethany,NV,44933,Mozambique,78,envisioneer synergistic experiences,Situation song bad rule few how third soldier.,2025-04-16 13:01:27,LRN713
231c73c0-afe3-4445-978d-6262aa8daa0d,2c803caf-bcb4-4a7c-8382-8b2ee23823a4,Felicia,Stark,Bonds trader,Flores-Butler,imeza@example.net,(353)680-7649x708,8116 Williams Highway Apt. 291,Lake Travisborough,ID,72960,Kenya,31,innovate one-to-one e-business,Concern place nice image movement somebody.,2025-07-08 20:20:38,LRN713