Scan ID,Attendee ID,First Name,Last Name,Title,Company,Email,Phone,Address,City,State,Postal Code,Country,Lead Score,Qualifiers,Notes,Timestamp,Session ID
6f262f89-9d7d-4b3e-974a-857491d3d313,ce41e2aa-587e-42d4-bc7d-fc0a80eec0d7,Barry,Smith,"Geologist, wellsite","Mitchell, Guzman and Mcgee",tiffanystone@example.net,(809)568-8732,359 Wong Throughway Apt. 242,New Kristyport,NC,51369,Holy See (Vatican City State),6,embrace one-to-one functionalities,Door best effect magazine.,2025-07-27T02:48:14.668108,CUSLT-952
d5df30aa-6a52-4401-8d32-179d2415dc5c,dce80f3d-8dd0-473e-ae75-e701bf5d12b3,Thomas,Moreno,Curator,Barnes Inc,zacharyscott@example.com,641.991.2401x427,448 Harper Meadows Suite 886,East Williamview,SC,46341,Turkmenistan,87,unleash web-enabled functionalities,Identify that once sign authority home interview.,2025-06-09T05:30:20.194672,CUSLT-952
27d97fb3-ce5b-48f3-be38-e9718d45feed,8f0bc82d-0f1a-4430-a8a2-7f37cae6f29c,Elizabeth,Daugherty,Television floor manager,Carrillo-Lawrence,caseytraci@example.org,001-794-792-8903x54624,49620 Hannah Meadows,North Taraton,OK,28920,Tokelau,78,maximize user-centric niches,News decide significant investment.,2025-06-10T17:07:54.806029,CUSLT-952
9ad587a8-e6da-4898-9e29-53ef7055bc4b,67f8dea9-a75c-4fc7-b645-0854fa6d4347,Jessica,Webster,Fish farm manager,Sanford-Murphy,wesley95@example.com,763.580.5047,41945 Ware View,Bellburgh,VI,31161,Cote d'Ivoire,59,e-enable sticky portals,Yard necessary decision do.,2025-06-20T03:59:41.817982,CUSLT-952
56508ad8-1348-412e-9977-4f680ed0efd8,43cec0ff-3b65-47f9-9878-19a88e51d99f,John,Lopez,Armed forces training and education officer,Knight-Davila,davidbrandon@example.net,906-858-7329x8228,9748 Michelle Inlet,South Ryan,WV,52169,Brazil,53,seize ubiquitous bandwidth,Phone take full if red mouth involve.,2025-04-24T01:08:58.858854,CUSLT-952
a5f1f58d-8631-4532-8734-fea36da5df68,563da83b-ecfe-4895-ba44-b07e0e6e7cbe,Roberto,Rivera,Higher education lecturer,"Jones, Quinn and Glass",lisavalentine@example.com,806-924-1329,151 Paula Well Suite 906,Mariemouth,ID,55862,Antarctica (the territory South of 60 deg S),7,productize front-end niches,Tax once radio marriage system garden.,2025-01-27T15:59:46.909894,CUSLT-952
28001a2e-233c-4fae-a542-c016b5ac090f,1b69dd71-2b73-4f73-a937-25271ff848e2,Lisa,Mcclain,Video editor,Ingram PLC,smithjoshua@example.net,9396759140,6752 Matthew Flats Apt. 964,Stewartchester,UT,81278,Liberia,76,optimize interactive convergence,Always recently couple remember.,2025-05-30T03:40:32.355633,CUSLT-952
ffcee294-ba53-46f5-8482-6d1b3113ecbe,dfdc41ad-428d-49c0-802c-847f89d43afe,Gregory,Morrow,"Clinical scientist, histocompatibility and immunogenetics",Brewer-Carter,johnrobertson@example.com,001-468-269-7531,744 Melissa Haven,Lake Kimland,NC,47939,Puerto Rico,50,transition impactful communities,Clearly alone discuss Congress identify chance stay professional.,2025-07-27T20:42:09.281514,CUSLT-952
82c9ccd8-452a-43d0-9699-02448e2af211,c0912363-a2cf-4266-a7bc-9b5106d2239d,Susan,Cline,Artist,"Hughes, Wheeler and Davis",seanmiller@example.net,265-469-9817,1443 Erica Falls,South David,SC,13388,Turks and Caicos Islands,49,e-enable synergistic content,Project doctor position identify.,2025-07-27T05:24:18.619980,CUSLT-952
152914e4-ea18-45bb-b60a-3a242af02823,6e301401-a248-4c42-a944-ef9aa174d2a8,James,Matthews,Diagnostic radiographer,Herrera PLC,katherine28@example.net,7712375963,786 Gill Mission,West Autumnfort,WV,76071,Barbados,3,optimize cross-platform ROI,Laugh find ten prevent religious within accept both.,2025-05-13T06:44:29.976495,CUSLT-952
3769d8a5-8952-4c06-9d05-2862118b42a6,37700e09-6328-4d46-a0f7-2c805274579c,Jill,Foster,Hospital doctor,Fox-Barnes,mary53@example.com,001-912-332-4812x515,73313 Victoria Inlet,New Xaviershire,ND,08472,Cameroon,62,drive B2C info-mediaries,From most you professor one born.,2025-03-29T02:28:28.522758,CUSLT-952
93a2c55e-1ec6-46cf-8794-13e4caa81ef5,dded282c-a1e3-474e-b696-f472be87a26c,Sarah,Carlson,"Scientist, product/process development",Guerrero and Sons,keith21@example.org,2224413893,932 Vanessa Glens,Ortizchester,IL,19101,Korea,3,empower vertical content,Interest set radio dream serious.,2025-03-27T23:42:34.613823,CUSLT-952
9b66cefa-fc5d-4d52-a6ed-de34ecc6316f,e0e80b10-6499-4734-a5f3-b8c1b8a8a8d9,Jennifer,Castro,Agricultural consultant,Nelson and Sons,ijohnson@example.com,+1-463-795-7711x1396,1264 Andrew Rue Suite 957,Bartonport,OR,08833,Belarus,89,repurpose B2C initiatives,Pretty however condition within perhaps perform fall.,2025-06-06T18:27:33.518594,CUSLT-952
a9702633-d4f9-4260-92bc-14a2a41e00de,c6a000a1-5f3e-4208-90cc-986dc30ae980,Michael,Gonzales,Industrial buyer,"Ward, Kennedy and Humphrey",pgeorge@example.com,001-392-543-1737x437,05293 Jennifer Cliffs Suite 688,Port Andrea,OH,27688,Guadeloupe,98,generate global relationships,Red up between participant employee work maintain development.,2025-06-06T21:49:46.309683,CUSLT-952
02906abc-ee48-4c57-9854-a73063e82ccb,77643462-8869-4fbd-81ab-7b996aa21232,Amanda,Wagner,"Engineer, civil (consulting)",Chandler PLC,kmaldonado@example.com,+1-317-468-6675x76814,928 Franco Forest Suite 237,Port Jefferyfort,GA,69795,Guam,7,transition virtual partnerships,Hour natural exactly feeling community section treatment.,2025-05-10T15:59:09.971735,CUSLT-952
b5e091ed-41de-4776-8fa0-7cc0d306e14b,f437528d-d9b6-4165-8489-55d9ccac1d32,Kimberly,Roberts,Counselling psychologist,Gibson-Hall,hortondonna@example.org,001-383-225-6430x1385,626 Clark Loaf Suite 907,East Kellymouth,TN,11307,Saint Lucia,87,aggregate end-to-end models,Walk explain against body message.,2025-06-05T16:20:07.033646,CUSLT-952
b07a2230-231f-4bbd-aba0-8d43a0be9719,02be7286-9008-4286-9d27-6d956175a648,Kristin,Hernandez,Music therapist,Palmer Inc,vincent99@example.org,+1-654-876-8923x79642,86598 Padilla Roads,Lake Kennethshire,MA,94108,Ethiopia,18,morph collaborative paradigms,Major light foreign air once agreement.,2025-05-17T20:35:22.542387,CUSLT-952
f9c017d6-5888-4348-be5a-75a319f2f65e,f1b60796-eda0-4338-90eb-22d262a55c03,Wanda,Long,"Education officer, museum",Williams and Sons,coxsarah@example.net,(916)740-2104x32769,77260 Nicholas Parkways Suite 289,North Pamela,PW,68979,Jamaica,91,architect bricks-and-clicks e-commerce,Increase debate decade nor allow.,2025-03-11T07:14:51.077093,CUSLT-952
98c375a1-f892-44d9-bed6-30418e3fff20,66a50e31-13e8-4445-bf61-882328af2c03,Victoria,Coleman,"Copywriter, advertising",Choi LLC,kayleejefferson@example.net,537.234.6527,562 Edward Loop,Burgessborough,WY,57278,Greece,92,enhance B2B interfaces,Bed assume course everybody movie.,2025-05-21T14:42:10.533486,CUSLT-952
24a6992d-a789-4d85-8905-b93372521bc3,842be950-b767-41d9-aa6c-34954ff4114a,Christian,Harris,Camera operator,Castaneda-Avila,raymondmccarty@example.org,764.437.7698,902 Michael Landing,West Racheltown,SC,52583,Ecuador,88,expedite transparent methodologies,Ball none information six read chance upon.,2025-07-06T01:22:49.445294,CUSLT-952
d6247c9c-325f-49f7-a20d-1539758c7556,0cafd72c-5b8d-4682-befa-3da2a73eff01,Jennifer,Whitehead,"Radiographer, therapeutic",Ortega-Adams,garrettshawn@example.org,(667)525-7110,21362 William Lock Apt. 249,Tylerburgh,NJ,95818,Burundi,96,orchestrate synergistic methodologies,Home can feel.,2025-07-05T19:25:08.810114,CUSLT-952
68bd0f1d-7ec4-4992-8cd6-aecf1a5aab6a,8427ef1f-5e20-443d-8da3-6898af1f0a66,Kelly,Rodriguez,Estate agent,Simmons-Morgan,wbrown@example.org,533.286.0893x383,9629 Campos Valley Suite 581,New Sean,GA,10890,Botswana,77,seize interactive eyeballs,This bed great lot positive point important.,2025-06-29T03:35:40.985971,CUSLT-952
835fdf2b-55f7-4622-88bb-bd026bbccad1,a42ecbf9-8495-434b-88a4-08e1f4afb87f,Jeffrey,Carey,Forensic psychologist,"Norman, Ray and Smith",shauncontreras@example.org,+1-217-626-2516x63022,793 Howard Plain Suite 055,Vincentberg,NJ,02520,Turkmenistan,78,cultivate cross-media users,Thought animal effect institution.,2025-09-24T15:12:48.793229,CUSLT-952
b05273e8-8ccb-4c07-880e-cd0afa39526a,ee816eac-a70c-4d84-8519-ddb22f1a1525,Emily,Todd,"Engineer, materials",Sexton PLC,justin02@example.com,(628)509-5256,88466 Bruce Station,Marymouth,KY,12112,Jersey,79,architect rich models,Plant both send newspaper affect quite.,2025-02-19T07:12:49.893813,CUSLT-952
580c381f-c598-412e-bdf3-a98ad1ca1a91,000ce1da-0fab-4f8b-aafb-65572684663b,Andrew,Bishop,Interpreter,Waller-Robinson,umcdonald@example.org,(844)986-7264x054,54560 Andrew Loop Suite 768,West Tiffanytown,HI,97138,Syrian Arab Republic,1,redefine next-generation e-business,Artist money owner.,2025-08-09T16:32:19.724505,CUSLT-952
a414aa26-a5cb-46b5-8aa7-e0ab1d4ca953,4c58bda4-8e64-4ec7-a8d3-55b8d52f41fb,Megan,Williams,Risk manager,"Baker, Townsend and Johnson",cwright@example.com,+1-627-854-1420x208,293 Hart Cliff,Chadfurt,IA,39937,Qatar,39,enhance proactive solutions,Project media deal guess.,2025-09-01T17:07:17.592526,CUSLT-952
4298f1e1-2424-4c76-8475-4bf91cfee6e4,d4525fe1-555b-430e-9788-df114250499d,Jennifer,Garcia,Psychiatrist,Bennett-Pierce,ortegajeffrey@example.com,+1-736-984-3122,0534 Palmer Tunnel,Bennettton,NE,98733,Eritrea,94,synthesize robust convergence,Cover treat establish point.,2025-07-12T22:51:46.898404,CUSLT-952
a66f2eb0-9147-4bb8-b8d7-a145d21898ff,906e970c-aab2-4221-a921-b3e4fc8f68fa,Jorge,Foster,"Administrator, charities/voluntary organisations",Boyd PLC,megan81@example.net,248.657.9891,148 Joseph Crossing Apt. 329,South Roberthaven,NC,16437,Sao Tome and Principe,81,facilitate transparent eyeballs,Card political brother today firm quickly account.,2025-07-25T12:53:15.795119,CUSLT-952
598c9d8c-1a53-4512-b519-a02f07428226,361afb05-662f-41a5-a2e1-16a074f2df32,Travis,Jones,Sales promotion account executive,Knight-Small,elizabeth85@example.com,+1-625-968-3784,9599 Davis Trail,Vazquezfurt,TN,18756,Pakistan,86,re-contextualize B2B solutions,First computer into.,2025-04-26T07:48:26.166522,CUSLT-952
938ecb13-c50c-433c-8bff-933ea63199ec,47dfc9a8-8e0f-4d7c-82ba-dee4b22ffb3e,Joseph,Fitzgerald,Barrister's clerk,Watson and Sons,paulaspencer@example.com,9355777717,7825 Shaw Causeway Suite 618,West Leonardview,VT,84777,Lebanon,61,disintermediate mission-critical supply-chains,Man manager term hit easy training in.,2025-08-03T06:20:11.749677,CUSLT-952
d9a73e40-1679-46da-ad78-69c68b740142,ab69ad5b-5cbd-4c0b-80f5-96c00085b824,Anna,Mitchell,"Journalist, newspaper","Torres, Snyder and Ryan",adriansullivan@example.com,818.350.4629,2904 Nancy Track,Port Dawn,VT,39919,Georgia,13,generate open-source action-items,Stand pull scientist authority operation sell great.,2025-07-30T06:47:08.816064,CUSLT-952
3e686de3-eab2-4a9c-9efc-442a3c59ba13,fd4e40f2-d4a7-4079-9129-a7c1818916d1,Jorge,Richardson,"Biochemist, clinical","Gaines, Howard and Mills",ijackson@example.org,001-977-462-1781x46888,575 Matthew Passage,Kennedyland,KY,22522,Paraguay,2,morph compelling metrics,Church cost particular.,2025-07-13T10:43:46.543404,CUSLT-952
610997c7-6dc9-4086-8128-f2ad00e9bf17,0021a76d-c4da-4957-8e20-80bcd6bf0534,Kimberly,Berg,"Geologist, wellsite",Flores-Taylor,robertjoyce@example.net,+1-909-242-1900x185,82301 Simmons Skyway Suite 347,Hernandezborough,OK,57415,Botswana,91,revolutionize B2C portals,Maybe network total director oil.,2025-06-12T02:11:14.526928,CUSLT-952
c2e0fd40-9517-412f-9f88-a678004e291b,cec95049-0cc9-4a95-a47a-a625f760c499,Tonya,Henry,Biomedical engineer,Smith PLC,jeffreymarshall@example.net,(391)982-4453,456 Williams Knoll Apt. 917,Reneechester,AK,09461,Ghana,2,transform rich e-tailers,Store operation scientist short real listen.,2025-08-31T05:56:08.138716,CUSLT-952
d7714fbd-ed7a-4b33-87e1-793619212c00,308d9744-45b9-4b0a-bbd8-2182b2194f7d,Mary,Harris,Graphic designer,Scott-Bailey,bradleyhoward@example.com,(759)359-5337,5843 Mueller Land Apt. 552,Davishaven,MA,71276,Mongolia,67,redefine cross-media e-commerce,Country sit put student audience.,2025-09-26T11:44:01.644457,CUSLT-952
b4933d00-225d-45f1-b0b7-aa3f2d802d7c,e8c0af62-4a7d-426a-801c-e88c0fab94f6,Tonya,Lee,"Engineer, agricultural",Reeves LLC,christophermurillo@example.com,+1-940-258-4319,3419 Joshua Streets,Aprilshire,MO,58493,Dominica,1,enhance virtual mindshare,Decade small all development.,2025-06-11T02:02:52.036161,CUSLT-952
d436af45-df3c-430c-8280-e4a0740d3336,8911f69e-6c8e-4e70-b0e1-a2ed015c3da3,Peter,Mann,Dealer,"Tucker, Mora and Taylor",chandlerchristopher@example.net,001-643-865-2657x34450,752 Michaela Ford,Port Reginald,TN,14136,Saint Martin,100,unleash revolutionary synergies,Thus sign activity read contain star notice commercial.,2025-03-12T20:06:59.214966,CUSLT-952
95418a48-b289-4182-b1fa-bdaf43007506,7b970cab-e9b5-4db9-b777-133fee6f79af,Chloe,Mueller,Trade union research officer,Bennett Inc,jason97@example.org,+1-584-578-3247,584 Brett Drive,Davidburgh,AR,92460,Bahrain,8,grow bleeding-edge convergence,Example still environmental baby street.,2025-05-08T02:31:28.712153,CUSLT-952
566b9162-02df-4dcc-a998-ed06bbe378fd,a90c10fc-5181-4dcb-bb42-1ad8780109f2,Henry,Stanley,Exercise physiologist,King Inc,griffinashley@example.net,+1-669-526-9313,30195 Fuentes Valley,Jerryburgh,OH,92813,Switzerland,55,integrate 24/7 web services,Various soldier clearly west agree management range film.,2025-05-29T21:25:31.364362,CUSLT-952
ee6b21c4-73b8-45cc-a704-68f63c3dfcee,351b2b0c-05da-4240-8e30-04941bb48131,Emily,Golden,Leisure centre manager,Ayers LLC,ythomas@example.com,+1-263-422-5207x3126,193 Anderson Via Suite 375,Port Angelica,VA,63708,American Samoa,64,deploy virtual systems,Ok traditional whole.,2025-09-04T16:59:52.068333,CUSLT-952
150ec7c0-1691-46c2-ade3-705d205fbaa4,9d6bbf97-59dd-42be-882f-ffe10ca70823,Kelly,Schroeder,Materials engineer,Griffin-Guerra,rnavarro@example.com,001-365-706-8333x14311,46149 Laura Knolls Suite 801,Williamsstad,LA,05438,Christmas Island,23,implement wireless mindshare,Research artist any hospital the special.,2025-03-16T23:15:26.601299,CUSLT-952
2fa1519f-6b7c-4d5c-9db3-84f857d296aa,d5129221-1179-4d9d-b99f-968302c830e7,Briana,Mejia,Freight forwarder,Williams Inc,miranda22@example.org,4046733776,9298 David Roads,Acostaburgh,KS,59314,Singapore,55,whiteboard dot-com solutions,Stuff suffer environmental method.,2025-01-25T03:27:43.180240,CUSLT-952
29605a2e-840d-4542-9af1-505d9ab55b5b,e8cb57a4-7ea4-4539-989d-bf3de8dadfd7,Debra,Burns,Adult nurse,Johnson-Walter,reyescarolyn@example.net,422-382-3203,0199 Jacob Walk,East Darryl,SC,67974,Pitcairn Islands,1,repurpose holistic web services,Minute design personal scene foreign game.,2025-01-17T12:36:26.737469,CUSLT-952
75f978af-cfec-41a8-a205-b556ee4cee65,ac478ee9-034d-47f4-aef3-f2c1cfb0f1f1,Troy,Wilson,"Engineer, site",Delacruz LLC,warmstrong@example.org,732.987.2693x625,765 Barry Mountain Suite 884,Port Stephanieville,MO,76345,Greenland,70,maximize frictionless markets,Development week recent budget member space.,2025-10-07T08:33:22.776938,CUSLT-952
fa9cd250-85fd-4426-bac0-c695062f232d,2cec223c-50dd-4dbe-90ef-aa3fc920fc46,Robert,Sullivan,Chief Strategy Officer,"Ray, Brady and Hall",jacksonedward@example.net,957.920.5800,53211 Pierce Valley Apt. 581,South Hannah,ID,41027,San Marino,34,aggregate integrated initiatives,Test drive heavy data surface hold.,2025-06-18T15:03:14.395466,CUSLT-952
1c9e1efe-ff03-4037-a3bd-e9e1dde5ba21,2d41de1a-e68c-45a8-aaec-5dac70ef5bc4,Justin,Perry,Learning disability nurse,"Bradshaw, Hill and Terry",kyle35@example.org,+1-944-920-1720x0898,8367 Robert Walks,Roseshire,CA,79164,Cocos (Keeling) Islands,68,expedite mission-critical web services,His mission particular financial.,2025-04-21T19:35:40.962007,CUSLT-952
804cef4b-2d6f-458f-9f36-15f71068e6b2,10536c1e-4cd6-4802-af4b-339cc462d7e9,Mark,Gonzales,Analytical chemist,Roberts-Mills,jleonard@example.net,761-272-1549,860 Carter Islands,Boyleton,AR,68712,Gabon,48,morph extensible supply-chains,Whatever accept argue fact.,2025-05-17T06:34:30.657063,CUSLT-952
115b4135-b0cb-45f9-b7c3-12e8452cf1cf,d1d2cc6d-79b5-43cc-be33-076b8833b2f2,Courtney,Davis,Ship broker,Jenkins and Sons,jaredelliott@example.net,709-621-6287,0770 Kevin Expressway,South Randytown,AR,69374,Nepal,65,integrate back-end solutions,Trade receive sign girl else perhaps.,2025-08-28T08:55:12.769547,CUSLT-952
492f83c6-391a-4941-89df-db90f3c34ef9,96ca061a-0988-4c83-9c1a-82d070f0349d,Frank,Nelson,"Exhibitions officer, museum/gallery",Mills-Hinton,mcontreras@example.org,4196318098,79205 Patricia Dale Apt. 887,West Miguel,ND,06193,Falkland Islands (Malvinas),49,redefine frictionless functionalities,Might service worry stock.,2025-08-26T05:01:52.252298,CUSLT-952
bc72659c-1533-4b77-9d8f-5d1a77b03690,78bc5fe4-ba57-4b87-afda-f06b6b2ed967,Jennifer,Ho,"Accountant, chartered management",Wood Group,jparks@example.org,3883693003,2832 Obrien Crescent,Annashire,MH,31594,Jordan,92,transition bleeding-edge e-markets,Black team marriage street environmental pay.,2025-03-15T15:09:54.956192,CUSLT-952
72e94bbb-f8db-45f4-b5ed-32c15780948c,9ffd3065-f3c6-47fe-9407-9ee5b23661ef,Debra,Soto,Operational investment banker,Hanson PLC,arice@example.net,+1-230-889-6760x94344,3095 Amber Road Suite 316,Joshualand,MA,14618,Indonesia,72,monetize global e-business,Clear space material raise sense however yes.,2025-07-07T03:30:48.746711,CUSLT-952
3323d8ad-5dec-43b7-b7ce-7a30a36a32a4,5032c825-837c-4a97-9f5d-c4e0e24ea97d,Meagan,Kerr,Curator,Bender-Nguyen,nicoleroberts@example.com,330-413-5948x459,009 Kristina Underpass,Johnmouth,PW,49678,Macao,45,enhance bricks-and-clicks relationships,Address computer cultural allow area.,2025-05-28T05:01:58.799991,CUSLT-952
92836f48-41e4-467f-b7f1-b43a6f0c8c20,f2fbec07-7698-4d48-93ca-d89bd7bf3322,Anthony,Rogers,Dietitian,Clark and Sons,watkinschristine@example.org,423-534-4230x9728,623 Phillip Rue,Pierceview,TX,76662,Liberia,88,engineer viral communities,Age water surface author.,2025-05-16T14:52:07.976815,CUSLT-952
4fc5c763-5b58-4098-be14-b64c24da6546,f48fea69-2278-4caf-942e-f3a3fbcfc713,Zachary,Adams,Senior tax professional/tax inspector,Vargas-Rodriguez,brenda91@example.com,947.618.9663,6650 Torres Pass,North Kim,AR,78148,Kyrgyz Republic,5,streamline rich vortals,Surface professor risk reality write nearly town.,2025-08-16T11:25:43.350278,CUSLT-952
e1dfd7b5-00c4-4bc8-8a5f-bdf445a0a9db,083b6429-cda7-4890-86b8-ff758135b45e,Alyssa,Washington,Early years teacher,"Cooley, Galvan and Franklin",nfisher@example.net,001-995-984-1964,891 Thomas Roads,Lake Kimberly,NE,16762,Tajikistan,51,implement real-time content,Artist marriage player somebody.,2025-03-05T00:00:55.987273,CUSLT-952
cb841616-b5a3-4323-af8a-256b0689d179,7917e9d8-1c86-4f53-9d3c-b751f7ad8efc,Cheryl,Mcmahon,"Horticulturist, commercial",Jacobson-Lopez,jessica97@example.org,(210)883-0493x7219,201 Dwayne Forges,Millermouth,OR,13009,Haiti,85,monetize bleeding-edge vortals,Career bit situation environment hour read radio.,2025-03-09T14:14:52.467020,CUSLT-952
23d802e1-5ed9-445a-b976-4df16a065d54,3241811d-1074-439f-a79f-91fb3776e504,Hannah,Gay,"Teacher, English as a foreign language",Atkinson-Weaver,tmoss@example.net,(303)222-6642x4580,120 Ramos Summit,Hermantown,WI,16211,Mexico,25,revolutionize front-end solutions,Realize time building debate energy many.,2025-01-03T18:42:42.096314,CUSLT-952
1889646e-4dca-4746-adf6-b6a3511cd456,05ef9253-1dd6-4ad0-891c-cd4ab239b8d9,Kevin,Martin,"Conservation officer, nature","Young, Torres and Smith",lbenson@example.org,701-215-9309x7288,561 Ashlee Fort,Lake Jamesmouth,AL,83363,Niue,76,aggregate leading-edge niches,Provide everyone trial eat above.,2025-01-12T04:41:09.796950,CUSLT-952
4523f06f-feb8-41f0-8377-173f2344623c,179bc763-9914-4df7-9789-c0f3966dbe0f,Henry,Hunt,"Production assistant, television",Patterson-Burton,brodriguez@example.org,+1-649-711-1379,239 Howard Shore,Port Amanda,AS,36332,Indonesia,1,transform best-of-breed e-tailers,Likely just national yet usually industry language.,2025-05-24T12:38:47.789824,CUSLT-952
e3bb2b96-577a-4726-ace7-d32b111db9cd,9562709c-74a6-446d-a042-5c21f533b02a,Travis,Hamilton,Merchant navy officer,"Baldwin, Smith and Stark",ernestcontreras@example.com,315-739-8792x80774,62422 Michelle Bypass,West Bryanbury,RI,61598,Liberia,32,cultivate scalable web-readiness,Professor appear religious.,2025-06-03T07:10:20.111194,CUSLT-952
4814782d-f859-46e0-8ca2-155c1cfde612,34fce376-266c-4dd8-a5c5-621567a866da,Christian,Johnson,Personal assistant,Wall-Bauer,brandykim@example.org,250.706.7204,986 Mcgrath Garden Suite 177,Lake Suzanne,IA,62511,Zambia,55,enhance enterprise bandwidth,Tax city state process.,2025-03-21T05:45:36.835209,CUSLT-952
7177cae4-06ab-450e-920e-ad9e0ba3ef30,dc165d60-d648-4f6a-b563-d293736701c8,Renee,Foster,Recruitment consultant,Greene-Calhoun,wsalazar@example.com,001-229-578-0359x8039,84158 Gabriel Tunnel Apt. 542,Robertstown,NM,44631,Mozambique,7,incubate intuitive e-business,Send eye then ability suggest.,2025-10-10T12:19:27.300458,CUSLT-952
ac573f4b-f31d-4d52-bc18-12042cef8f28,2cdc2900-8ed2-435d-bdb0-abc18ab758c4,Benjamin,Russell,"Therapist, occupational",Williams PLC,mirandadennis@example.net,001-392-824-7309x686,2339 Matthew Light,East Christineborough,VI,12023,Dominican Republic,84,maximize back-end action-items,Find range consider.,2025-09-11T02:40:09.670391,CUSLT-952
c13d13cb-3f08-4f9e-9b6a-5d25f34b7cff,c4c9bd05-8e44-410c-a8e6-2ec52b577ce7,Andrew,Reeves,"Designer, fashion/clothing","Mcfarland, Preston and Lewis",ryandickerson@example.org,983.907.9750,498 Nicole Walks Apt. 575,Gibsonhaven,KY,72816,Afghanistan,12,exploit 24/7 partnerships,Marriage according on whom.,2025-09-08T14:51:35.229406,CUSLT-952
ee099ea9-4871-46ac-bf8b-a4001a9e0fbb,d6a57462-d8ba-434d-bec2-0c8c481e76e1,Rebecca,Smith,"Production assistant, television",Marquez and Sons,smithkelli@example.org,(420)629-6008x12623,2813 Oneal Orchard,East Shannonstad,CT,61782,Wallis and Futuna,55,deploy wireless niches,Picture a put sort two.,2025-03-22T01:08:07.699867,CUSLT-952
becf9c66-651e-4dc7-a7a0-9cdc61cced6e,4ede97b4-3852-453b-ae7f-f6bc91db99ba,Sarah,Reyes,Research scientist (life sciences),"Mendez, Martin and King",michael27@example.org,371.756.2734,2772 Lee Falls Suite 591,Robinsonstad,WA,15355,Mayotte,3,engage granular e-business,Lawyer score oil level.,2025-09-19T11:58:40.567178,CUSLT-952
11603d24-d337-4204-ac22-a58cf53fb0ce,e9c06d71-ddb8-403e-a000-c7eca28aed12,Danielle,Crawford,Publishing rights manager,Hughes-Duke,caleb92@example.net,892-998-9908x69066,94253 Fox Shore Suite 691,Crawfordmouth,MN,64392,Libyan Arab Jamahiriya,3,maximize leading-edge users,Science course nature assume develop power policy.,2025-04-09T18:22:22.007682,CUSLT-952
72a972b4-a6ea-4f68-a36c-ce6eae482306,c4ba0b17-d241-4b17-a395-9bb66d2cc716,Kimberly,Jones,"Conservator, furniture",Vazquez-Sanders,jamiesmith@example.net,+1-927-443-0413x115,90888 Veronica Bridge,Lake Victoria,FM,33202,Croatia,84,empower efficient functionalities,Red out successful black similar star usually explain.,2025-01-03T14:54:56.959635,CUSLT-952
a93951f0-e712-4d5e-8492-dfefd4e4528a,55b543cf-8ffa-4abc-af2b-a5fd44596421,Kendra,Lutz,"Pilot, airline",Travis-Lambert,johnsonmaureen@example.org,7518367853,12779 Tristan Rue,Port Christopher,MS,21374,Chad,34,enhance visionary metrics,Would none training bank find fine say young.,2025-10-05T01:12:11.979059,CUSLT-952
c0f16bab-771c-4797-b6ab-2dca5f3f16db,4e84e294-20a0-4128-9959-e5cadb5891a3,Chelsea,Butler,Tourist information centre manager,Wu-Gomez,tim45@example.org,272.681.5126x5733,011 Susan Vista Apt. 638,Timfurt,CO,36622,Madagascar,81,unleash global solutions,Then once simple information best important real.,2025-02-23T15:41:35.375243,CUSLT-952
b319e837-8806-4916-a030-73910f27ac86,a51025b2-3fcc-434d-86b4-68880d448e12,Steven,Rasmussen,Community development worker,"Valentine, Bailey and Sweeney",krobinson@example.com,(281)996-0739,14535 Tyler Corners,South Jamesmouth,AS,45209,Philippines,64,optimize efficient action-items,Kind card compare notice.,2025-09-30T17:04:55.315373,CUSLT-952
eed07347-7063-4f28-8048-a70ab041dc3b,ad309c21-8de0-43a2-9dfb-5fde9359b9bc,Elaine,Moore,"Designer, blown glass/stained glass",Bowman-Day,bishopmichael@example.com,3606905650,451 Randall Parkways,New Joshua,NM,27679,Vanuatu,36,leverage intuitive methodologies,No become weight maybe act moment.,2025-06-13T06:36:14.239787,CUSLT-952
49502d98-b512-4ae9-a9ab-87b4a917fcd6,0118a4f2-21ec-4b12-a12c-5d6c1d9b8ec1,Angela,Phelps,Energy manager,Cortez Ltd,frederick91@example.org,423.783.0207x717,1052 Mclean Drives Apt. 739,North Kenneth,MN,64467,Niue,13,incubate extensible schemas,Sea fight democratic most whether good treat.,2025-07-11T14:51:41.165815,CUSLT-952
7c1ed3f1-e383-4c18-9a40-7f5c89b81d84,6f796ba9-7af2-4519-a9da-08febd8a7191,Michelle,Howard,Solicitor,Garza Group,rodney80@example.net,+1-641-371-5002x8424,0699 Ferguson Forges,East Hollyfurt,PR,50500,Saint Lucia,54,monetize seamless users,South building above develop.,2025-04-03T04:04:07.475010,CUSLT-952
113a6c77-00b9-4adc-85f7-c47d9a8a0339,23cceee6-677a-4751-83ba-a449f9ae8499,Abigail,West,"Conservator, furniture",Watkins-Bennett,josephmichael@example.net,(477)973-8059,1175 Henderson Locks Suite 962,Sarahberg,NY,28954,Philippines,34,brand killer ROI,Form character concern body.,2025-03-27T22:34:08.724879,CUSLT-952
2393d704-201f-4124-aa9a-1af380d487e9,c7c633a6-09ff-4a89-8970-17a367654c13,Thomas,Williamson,Toxicologist,Travis and Sons,bryandaniel@example.com,(401)781-3651x547,031 Angela Villages,Amyburgh,ND,57939,Swaziland,28,incubate plug-and-play e-business,Save one inside kid cup.,2025-02-03T22:12:03.291753,CUSLT-952
04518cc3-be9e-4d47-8dba-6329550008bc,966730df-3844-441b-9edf-e5b44df4e3ef,Jennifer,Miller,Clinical biochemist,Madden Inc,nicholas51@example.net,558.568.7370,4820 Soto Isle Suite 197,East Andrea,IA,94584,Sudan,24,innovate plug-and-play initiatives,Improve yourself apply message most.,2025-08-12T22:48:23.947184,CUSLT-952
795f7dac-9838-42c0-892b-f7081082bcc3,9ded8dad-4688-45ed-b513-b8338c87c0c9,Wendy,Lopez,Occupational hygienist,Chen-Hill,qmiller@example.net,001-286-974-9193x754,85089 Monique Dam Apt. 161,North Jamieshire,NH,52245,Faroe Islands,37,engage open-source action-items,That standard win product activity.,2025-04-16T19:39:25.427212,CUSLT-952
accd1d9c-5730-445d-a9f4-b3c6251215a3,03bb1059-a96c-43f6-9b05-92c39c9e560b,Jennifer,Williamson,Electronics engineer,Rodriguez PLC,robertkemp@example.net,+1-683-375-9664,62747 Scott Falls Suite 417,Williamshaven,AR,84950,Poland,61,grow cross-platform deliverables,Magazine young any toward.,2025-08-26T09:51:03.981070,CUSLT-952
bda27cda-6e9b-4339-9deb-4d89eccc4f68,2d4d80f1-b401-44c5-9972-3f2144723c1b,Roberto,Bauer,Learning mentor,Gallagher Inc,turnerjoel@example.net,6193793425,42524 Smith Drives Apt. 071,Lake Justinshire,WV,32715,Aruba,36,generate customized channels,Occur item detail beautiful theory.,2025-05-12T01:41:31.689238,CUSLT-952
30efe7d2-a2dd-4595-b894-0ed3c3f161b8,7a40f8de-2ac6-47f1-b609-842943d67739,Erin,Young,"Programmer, systems","Barnes, Hamilton and Moreno",zhawkins@example.com,2015198347,69820 Holly Place Apt. 939,Lake Alexanderborough,KY,64204,Faroe Islands,21,facilitate interactive eyeballs,Do whether piece yes.,2025-01-18T16:27:55.385063,CUSLT-952
cac6f688-61f9-457b-aab8-dd4971951519,e91e0145-d516-456f-aa31-ae93be1a14a7,Nathan,Morris,Software engineer,Sanders-Wells,wallacejacob@example.net,755-215-3317,8901 Perry Wells Apt. 863,Bartonbury,NY,95072,Korea,84,extend cutting-edge info-mediaries,Dream social remember story size.,2025-06-26T04:52:31.928875,CUSLT-952
b18369d8-4a9e-4644-b177-a28a08ed019e,9d4af1ce-e543-4c06-af44-cb9109358b61,Courtney,Patton,Early years teacher,"Dyer, Williams and Joyce",justin36@example.com,888-435-9156,70438 Darryl Flat Suite 925,Rebeccamouth,WA,09564,Seychelles,80,productize efficient experiences,Win want particularly performance.,2025-07-21T21:24:37.649245,CUSLT-952
3502a1ca-498f-4d77-a4cb-ec2d7e24e05b,e46ac10f-bf76-46df-aa72-f06807bd11ba,Brittany,Adkins,Management consultant,Miller-Jones,danielsimmons@example.com,001-794-213-9872x898,268 David Mill Apt. 832,North Michaelport,AL,80793,Cambodia,4,syndicate interactive synergies,Easy agency data season light would.,2025-04-24T09:14:34.441605,CUSLT-952
df43ec4f-d7d9-4d5e-b3ec-ac958fa9b6e0,7631fa8f-9a6b-4c07-b47e-64d51cdc9838,Joann,Acosta,Toxicologist,"Simpson, Vasquez and Johnson",kristin38@example.org,(262)518-6457,364 Mcdaniel Inlet,Port Zachary,LA,92384,Guyana,72,matrix B2B technologies,Official garden great town indicate something describe activity.,2025-04-21T02:17:30.658632,CUSLT-952
d7c3ec7e-e59a-47af-879a-795ec5ba9f93,256e05b7-a82d-4e25-8a9d-96a0b7451941,Jenny,Willis,"Surveyor, quantity","Bell, Shah and Burke",khardy@example.net,8625696003,326 Patton Mall Suite 885,Kingport,CO,91452,Tonga,78,aggregate 24/365 networks,Game decision yourself sort front.,2025-05-16T15:23:49.836512,CUSLT-952
665fb1b3-e792-4d61-94c3-81ec297c4cd6,c6503c33-8c70-46ac-a1e1-8d06c6a3f5db,Daniel,Moore,Optometrist,Aguilar-Mclean,laurensmith@example.net,(593)908-6656,282 Salinas Stravenue Suite 598,Kathleenbury,AR,98519,Togo,69,matrix scalable applications,Loss product more feel.,2025-08-24T16:15:22.910585,CUSLT-952
444eb53f-536b-4b3e-82f0-dd5f652e75f7,756113a1-6fac-4df2-82ed-a8c8be8e008c,Dana,Whitaker,"Conservation officer, historic buildings",Gutierrez and Sons,denise44@example.net,248.449.8388,67983 Friedman Rapids Apt. 046,Emilyshire,IA,72893,Belarus,44,disintermediate holistic applications,Nice least or skill where.,2025-10-08T21:28:53.625718,CUSLT-952
ac879318-4558-4010-8fdb-39150dc1e751,241c5dd1-a40c-4484-87e3-d1ba092b3ff8,Joel,Maynard,Jewellery designer,Miles and Sons,mooresharon@example.net,555-223-1423x1808,902 Jackson Divide Apt. 355,Mccarthyfurt,VI,28597,Jamaica,70,scale clicks-and-mortar web-readiness,Study throw conference successful yourself main community.,2025-02-01T08:27:00.517147,CUSLT-952
e5e030ed-7b6f-40ba-9a71-3889bbd9d3ca,b3ee6820-5845-4e27-99bd-ffa643525582,Michael,George,"Journalist, magazine",Mooney-Lopez,john92@example.org,504-413-5541x7669,876 Sanchez Drives Suite 511,West Kimberly,FL,44462,Cote d'Ivoire,50,enable extensible systems,Time star effort step.,2025-07-25T13:42:12.274121,CUSLT-952
79846bea-55d8-45a9-b157-bd26dce551c2,7a87bb9d-d679-475b-8811-0d1f048957c0,Brad,Davis,"Conservator, furniture",Pena-Contreras,tchang@example.net,001-558-408-7645x1442,0160 Smith Corner Suite 390,West Juan,IA,50234,Svalbard & Jan Mayen Islands,73,expedite proactive e-services,Book price physical.,2025-07-21T23:54:49.663026,CUSLT-952
67ebe121-87ef-4377-b3fd-d9850901e631,b0c831ae-1f48-4054-8c9a-4d2e8dbf27e2,Francisco,Green,Financial planner,Meyers-Cruz,amy71@example.org,+1-422-500-3404x45022,49025 Nicholas Green,East Ann,CT,47799,Thailand,61,redefine next-generation vortals,Pay doctor public top campaign.,2025-07-24T02:37:06.867022,CUSLT-952
2e614ae3-dad8-4485-a5b0-f46fd715c43d,cef4a77f-7a4b-4804-a538-889b2b371442,Monica,Hunt,Early years teacher,Cruz Ltd,jbarnes@example.net,+1-397-522-3284x68801,46895 Salinas Flat,Robertbury,FL,93515,Canada,42,synergize customized content,Region realize exactly media week.,2025-09-29T09:08:39.436751,CUSLT-952
7d07438c-d1aa-4d64-9874-77f2e4f1ebf4,90fff02d-450e-46b9-93d8-90424ed874c9,Heather,Brown,Pensions consultant,"Schneider, Miller and Peck",rebeccaberg@example.org,001-622-910-5002x1672,9995 Patricia Orchard,South Anthonyside,ID,87932,Japan,70,repurpose value-added mindshare,While quite sure media teacher together.,2025-07-10T09:14:17.397054,CUSLT-952
3c3a3e37-1dfc-4bdc-9c21-73aadb2fb97d,24fbf17f-4d2f-40c8-b538-e9de50c25314,Katie,Garcia,"Buyer, retail",Marquez-Diaz,steven94@example.net,586.764.9912,512 Cardenas Flat,North Lisa,TX,43773,Malta,3,deliver 24/7 networks,Choose until everybody.,2025-03-03T08:34:56.213925,CUSLT-952
05842c61-bb73-484d-8ec7-c20ecdd121ae,064da622-5f92-4eaa-a86a-60b07753829a,Kathleen,Evans,Hospital doctor,Casey-Coffey,kstevens@example.com,830-604-0236,0114 Le Via Apt. 655,Shawnport,SD,61266,Netherlands,63,target vertical interfaces,Hear should me hour around tonight.,2025-07-23T11:34:35.924884,CUSLT-952
804551de-24bd-45dd-8ecb-41831a711949,75dfc97e-5110-4af4-a85c-2a129068f5e3,Cody,Lloyd,Banker,Sanchez-Castillo,vperkins@example.com,001-250-632-8299x386,65488 Maxwell Ports Apt. 272,Hollowaymouth,DC,84939,Trinidad and Tobago,24,implement back-end relationships,With discussion usually grow crime mouth glass.,2025-07-18T17:30:33.324353,CUSLT-952
88e99e0f-4014-4424-af25-3e178c3ce63d,0741001c-5249-477b-95db-e65b1ece9de1,Daniel,Hill,Gaffer,"Montoya, Deleon and Taylor",tgarcia@example.org,305.803.0998,38233 Johnson Route,North Heatherchester,MA,15819,Montenegro,77,drive 24/7 infrastructures,She now begin control cell.,2025-04-23T00:11:36.914086,CUSLT-952
6d017300-59b3-4685-8ab6-ae8027dc98d5,10f80a21-3a43-41d2-9b1a-bdc1009f8415,John,Olsen,"Chemist, analytical",Lopez LLC,heather05@example.com,001-789-582-9922x79882,296 Jason Causeway Suite 051,Aprilland,DE,64540,Morocco,69,revolutionize scalable e-markets,Western look thousand administration already strategy.,2025-02-25T03:24:08.868794,CUSLT-952
09df2796-1cf2-4e5d-8ee4-107e884d23cf,39e73f94-cf75-4fcf-a39f-204a8ef2b7e1,Jose,Ochoa,Ergonomist,Davis PLC,austin52@example.com,484-456-7082x954,40822 Novak Curve Apt. 114,Rivasmouth,MA,55456,Zimbabwe,37,utilize cutting-edge functionalities,Need tonight fine local rule cover.,2025-08-13T00:21:59.367760,CUSLT-952
365b622e-0e1f-4c7c-8eb1-7d1f31b91368,88750537-a315-4c7d-8fba-ed82dfcc12bf,Thomas,Evans,Private music teacher,Wong Group,emilygarza@example.net,4505990792,8997 Wolf Ways,Fieldsburgh,ID,65826,United States Minor Outlying Islands,29,architect distributed web services,Ever believe still development always light live.,2025-02-11T07:53:06.814536,CUSLT-952
ba26f69e-1c39-463e-92c0-b6c5ef02c960,8d65406d-6d27-4a95-ad44-5dce50acf5a2,Margaret,Anderson,Conference centre manager,Taylor and Sons,davisdavid@example.org,(919)272-2881x21566,6512 Henderson Plaza,South Aaron,UT,34986,Palestinian Territory,37,implement out-of-the-box markets,Public economic tend artist boy reach.,2025-04-06T21:02:19.944433,CUSLT-952
280f4011-ebb0-4559-9505-5529ed7f31b2,6b72b4dc-beb1-4aee-a3dd-b660b988341b,Kenneth,Warren,"Engineer, maintenance",Bowers-Francis,kristinajohnston@example.org,(415)937-5133x751,3601 Catherine Islands,Nelsonborough,NV,07479,Ethiopia,73,synthesize mission-critical platforms,Find ahead each certain.,2025-08-20T22:42:11.974084,CUSLT-952
33491267-f01c-48ec-a4b1-aa1ba460f78e,d58ce3d3-30ee-4152-82e1-8b046d82ce46,Donna,Bowman,Equality and diversity officer,"Hogan, Nguyen and Hahn",crogers@example.net,(610)351-3871x85515,723 Ramos Lodge,South Shellychester,MH,16888,Ecuador,98,leverage B2B bandwidth,Over turn discuss focus.,2025-01-01T22:00:25.625277,CUSLT-952
b1a36627-ee1b-4807-a588-7a6ce88519ae,6257ec00-8047-42f0-964f-edc234811eb4,Heather,Anthony,Technical author,Ortega Ltd,melanie18@example.net,742-855-3922x5494,3401 Cunningham Locks,Port Brendaport,TX,40523,United Arab Emirates,74,expedite viral synergies,Push safe we difference girl.,2025-07-27T07:24:57.514809,CUSLT-952
33d9fdaa-a4eb-4be5-81f2-d829562d89cf,48e51554-db29-48b9-bfd1-5518bbcb5ba0,Justin,Villarreal,Lawyer,"Garcia, Thompson and Riley",traci36@example.com,693-578-7244x622,2960 Rachel Haven,North Michael,HI,06966,Rwanda,63,scale next-generation e-commerce,Make room course.,2025-06-19T05:50:18.144191,CUSLT-952
3a2a6b23-b3b5-4deb-9c8c-5c4b46987a9e,bdbd7ce1-78f3-4f5f-88a9-260fbfb15b1b,Anthony,Cook,Broadcast presenter,Flynn PLC,zalexander@example.com,(822)292-0268,32433 Donald Cove,North Michaelberg,AK,46002,Guinea-Bissau,40,benchmark distributed synergies,Its something happen carry speech benefit their.,2025-09-03T14:17:55.333688,CUSLT-952
c1fb5469-9563-4ba0-ab0c-6ec9dd55f0a8,c23d5f91-03f1-4d61-a66f-b265c915e021,Melissa,Jones,Higher education careers adviser,Adams LLC,ashley29@example.org,001-694-988-2814x6589,6545 Gregory Way,Morganchester,OR,81079,France,69,engineer clicks-and-mortar users,Deep long within attorney door simply player.,2025-03-31T23:18:51.564257,CUSLT-952
ee4e3d93-069d-468d-b8c5-7cdab59f2a44,836c343d-4cf7-46b6-b7d8-4ee7c414925a,Alex,Roberts,"Scientist, research (maths)",Flores-Turner,nicole00@example.org,354-416-9049,6115 Regina Tunnel Apt. 051,Reneehaven,MH,96001,Kenya,11,brand sticky schemas,Receive because yourself growth discuss into.,2025-06-09T08:54:44.479675,CUSLT-952
fedea462-05ce-46fd-abbf-2f0bf1f2e1ec,ec6ef7cc-a871-465b-a611-3687e552d45d,Sonia,Sweeney,Civil Service fast streamer,Lucero-Baker,jenkinsfred@example.net,001-622-830-5842x0188,8142 Wilson Union Suite 391,West Amyport,OH,76422,Guatemala,74,re-contextualize seamless models,Story Mr soon no particularly gas the.,2025-09-09T06:23:36.198452,CUSLT-952
9d7f2d34-4628-40db-aeb4-f160819d3632,67704d96-9ab9-4cb1-a352-14bc6b1d939e,Cheyenne,Adams,"Scientist, product/process development",Duke PLC,cunninghamjoel@example.net,7394780345,5863 Eric View,Robertburgh,AK,06298,Togo,27,re-contextualize strategic partnerships,Film world kitchen.,2025-02-13T15:55:19.758094,CUSLT-952
b11c888a-f626-4763-a77b-305d75e84080,0efd8a41-1097-4a4d-b518-5a7c53deb89d,Jeffrey,Hernandez,Broadcast engineer,Smith-Reynolds,derrick07@example.net,(636)986-0045x279,17102 Curtis Lake Suite 081,Lake Kevin,NY,04840,Mozambique,68,empower world-class web-readiness,Receive American worry magazine choice list.,2025-05-08T16:44:39.706078,CUSLT-952
c4d272f8-3392-4b59-8297-d7a09af1d49b,aef75abd-0b04-4e7e-ba97-cfede33f2ec7,Joseph,Tucker,Health service manager,"Howard, Dominguez and Ward",blevinsmichael@example.net,(564)838-7526x68306,18541 Clinton Orchard Suite 539,Cassandratown,LA,08560,Armenia,10,synthesize compelling bandwidth,Cut word moment field despite page.,2025-08-01T19:28:49.751793,CUSLT-952
e48c848b-e462-44e4-b836-991e67abf359,866dffbf-ba5c-48b4-a953-ff4c28a40623,Michelle,Bartlett,Cytogeneticist,"Gordon, Morales and Rios",christopher38@example.com,(385)884-4910x22001,5710 Paul Circle Apt. 909,East Beckyshire,KY,27507,Solomon Islands,6,empower magnetic e-commerce,Space dog foot return defense.,2025-05-13T10:21:02.367947,CUSLT-952
57e4d203-e89c-4f64-af3a-12e8dbb2aa9e,fe9e28b6-d730-4c7d-8921-ad44758182d5,Timothy,Palmer,Product/process development scientist,Tate PLC,vsummers@example.com,2579219615,319 Lopez Green Apt. 327,West Oliviaberg,MO,22156,Lebanon,85,re-contextualize clicks-and-mortar schemas,People start already certainly.,2025-09-19T02:50:45.898326,CUSLT-952
3829b1db-c5d8-4eaa-8ee1-d9ba56ae2fd8,eeae2a7d-1557-4e82-9661-839eeec2f20d,Christopher,Perkins,Financial adviser,Brooks-Estes,moonamy@example.com,001-864-404-1197x50620,863 Lynch Bypass Apt. 000,Paulchester,VA,77261,Romania,63,brand proactive web-readiness,Five recognize word where late practice.,2025-07-30T14:17:14.801923,CUSLT-952
b309918a-a810-42a2-9fd0-4f6fe3ed8eab,6826d55b-5d4b-46e1-a61f-f266dcac04a1,Emily,Chen,Risk analyst,Mcclain and Sons,karen52@example.net,3617916452,11405 Shawn Cliff Apt. 581,Nancyside,FL,49318,Malta,53,whiteboard impactful relationships,Executive discussion food now sell difference.,2025-07-27T17:43:04.167776,CUSLT-952
6f9b377c-2b29-4461-94c6-08336358aac5,01c93a7f-04af-46dd-a69b-7f700d318db4,Rebecca,Banks,Learning mentor,Shah and Sons,mkline@example.net,960.934.6737,44120 Paul River Apt. 766,Frankhaven,MI,04603,Belgium,77,integrate bricks-and-clicks systems,Reflect force mention value reflect morning hair.,2025-07-19T04:41:39.449738,CUSLT-952
58053432-e5b7-4d14-8540-8ef287ad31a0,9078cb53-890a-4231-9ba6-3534edd98341,Nina,Gonzales,Outdoor activities/education manager,"Madden, Brewer and Warren",christophertaylor@example.net,290.471.1099x06703,159 Fisher Estates Apt. 660,Port Kevin,DC,15995,Venezuela,39,synthesize impactful web services,More doctor consumer.,2025-08-03T12:44:39.630384,CUSLT-952
46e31911-01e0-4c97-a064-2a89b09a6976,8569ac4d-5f98-48a2-80d3-8c23afeb2361,Kelly,Harrison,Artist,"Smith, Cox and Francis",ywhite@example.org,+1-369-806-0504x620,94084 Carla Path Apt. 249,West Sheila,GU,41769,Armenia,2,disintermediate mission-critical web services,Thought Mrs recognize poor peace spring.,2025-08-03T10:05:55.255309,CUSLT-952
c73dbbbe-f209-4f11-8fee-44d94fbddc93,75a80cd5-dd35-4131-93fc-270376843e5c,Cody,Yoder,Facilities manager,"Miller, Edwards and Foster",michaelrhodes@example.org,426-601-4071x0867,56870 Ryan Ramp Suite 862,Lake Anita,NE,58025,China,99,cultivate one-to-one e-services,Democratic office very fall subject.,2025-04-21T17:08:00.139378,CUSLT-952
19c98d85-1ee9-4da4-b04b-589777f4c02a,cde336e7-694e-4fb0-a42e-404af28d7b4a,Jacqueline,Crawford,Police officer,Day LLC,lisa14@example.com,(840)724-4886,1986 Jason Forges Suite 032,Davidport,TX,47965,Luxembourg,13,seize mission-critical networks,Next budget gun hear specific box easy.,2025-06-15T07:10:10.122448,CUSLT-952
5043e4ff-23aa-457b-865e-918a388e2a1b,5947b0db-3b0e-4ecd-a2f8-a3fe87ee4f9a,Heather,Nelson,Arts development officer,"Lopez, Bird and Wright",justinrobles@example.com,+1-349-667-9089x21430,822 Rice Stravenue,Mcdonaldfurt,IA,94454,Eritrea,20,grow rich convergence,Per foot serious sing generation.,2025-07-12T15:03:48.086279,CUSLT-952
acb3b5c0-687b-4a9d-bab1-8f32b6c175dd,898f635e-7c6a-40fd-9e58-3902048e10bd,Paul,Duffy,Chartered legal executive (England and Wales),"Phillips, Malone and Travis",mperez@example.net,480-728-9421,9080 Jessica Landing Apt. 475,East Charlesmouth,AR,63185,Mongolia,70,leverage intuitive solutions,Some else you matter.,2025-06-03T22:12:24.969961,CUSLT-952
41d9afc2-249f-49b5-bf67-9d341e728bce,c1d70180-fc66-48c5-9595-70d1dbc2bdbb,Julie,Thomas,Research scientist (physical sciences),"White, Contreras and Castro",mitchell55@example.com,817.734.0227x881,169 Jones Islands Suite 539,Hoffmanbury,NJ,37940,Tokelau,100,leverage one-to-one e-tailers,Pretty no run bad talk white interest.,2025-08-17T16:35:04.187459,CUSLT-952
5d6fa794-56b9-4b19-b76c-8948b56810f3,aa9843c5-c4ac-4795-a8f8-fbebc513b1f9,Morgan,Smith,Lawyer,Martinez Ltd,karenconway@example.net,283-530-6024,40754 Isaiah Oval,Lake Heather,NV,03637,Nauru,28,benchmark strategic experiences,Analysis page work recent.,2025-03-11T08:33:24.120250,CUSLT-952
62d25414-7b0f-4018-b7aa-5c986be7f382,96f6a893-5800-469b-b96f-17d14cbd675d,Miguel,Johnston,Video editor,Rodriguez-Coleman,reedbeth@example.com,001-658-523-6955x1279,28403 Henderson Bridge Suite 590,Theresaland,NE,08217,Kazakhstan,7,grow user-centric interfaces,Face sound plan.,2025-06-06T00:26:31.418734,CUSLT-952
fb85332d-5178-4d3f-8a06-92819816dcf1,32bfd258-e003-4361-beed-c5f9ac09ffdf,Nicole,Chapman,"Exhibitions officer, museum/gallery","Pugh, Leonard and Smith",arellanojoseph@example.net,001-575-535-7014x72876,2604 Jake Spur,West Rebecca,PW,37607,Swaziland,42,facilitate mission-critical networks,Many there shoulder parent reality since travel.,2025-05-25T12:38:47.451893,CUSLT-952
5da659dc-5e44-41d8-93c4-ad5640052c2d,67f8f0fb-6486-4fcc-8df0-91147829ed87,Jennifer,Thomas,"Lecturer, higher education",Gill Group,johnsontammie@example.net,552-825-6710x25735,3024 Castro Center,Hayesfurt,WV,24696,Congo,87,repurpose plug-and-play users,Cause action box drive decision send seat.,2025-04-19T16:29:47.765861,CUSLT-952
3791defd-cb48-40c3-b760-17c86d5f629f,f44e7f2e-67c4-4ca7-8a3f-6f47ab9f496a,Brian,Pierce,IT sales professional,Clay-Cole,amywalton@example.com,(909)505-3662x680,2648 Daniel Brook,Port Benjaminburgh,MH,27381,Japan,76,aggregate bleeding-edge vortals,Phone view without policy affect.,2025-02-26T09:13:47.509736,CUSLT-952
9a2c4760-0ce9-4829-84c1-703da8e514db,77335a23-591d-484b-a232-38806ce43773,Sabrina,Huang,Fitness centre manager,"Harrison, Mccoy and Adams",franklinmegan@example.net,7608670227,0654 Anthony Glens,Thompsonfort,WY,41710,Latvia,56,scale proactive info-mediaries,Thank enter wish account list person together.,2025-01-15T08:16:36.814441,CUSLT-952
40262d83-21ea-42df-9bbe-7d6051f6887a,83f19e55-ef32-4c91-a567-375fb57f27cb,James,Lee,General practice doctor,Zimmerman and Sons,david61@example.com,801-815-1359x43809,68816 Keller Vista,East Jennifer,TX,14959,Solomon Islands,67,enable frictionless convergence,Particular make rest despite response trip.,2025-03-15T22:24:48.657565,CUSLT-952
10f04cfa-3fbb-432e-9a39-8559ee45f110,55d557e1-da36-4367-822c-6f9d3ce76dbf,Grace,Acosta,"Research officer, government",Fuentes LLC,jennykim@example.org,(671)772-4188,3414 Guzman Junctions Suite 458,Montesmouth,AR,09184,Central African Republic,15,e-enable interactive methodologies,Significant type federal morning force type team.,2025-01-04T23:26:58.477621,CUSLT-952
8e17bfa6-93a3-49a5-99dd-3df802642260,31055626-dde9-4c16-991d-ddae7a4c706d,Brandy,Torres,Teaching laboratory technician,"Garner, Robinson and Ward",christian05@example.com,727-540-4268x88892,805 Parks Mountain Suite 479,Christinatown,CA,78766,Vanuatu,97,synthesize dot-com functionalities,Sport risk concern cut near.,2025-05-28T19:14:31.350525,CUSLT-952
3e530ac4-3363-4b75-9323-f051872e9329,ac5dc3e9-54f9-410b-bd67-b77246468749,David,Spencer,Prison officer,Wilson LLC,jodonnell@example.com,(630)360-7348x583,05720 Johnson Underpass Suite 333,Port Julietown,UT,85955,Kuwait,9,disintermediate ubiquitous experiences,Perhaps themselves throw base true generation.,2025-05-12T08:31:34.278524,CUSLT-952
134c0363-0d76-4ca6-8998-9ff176617642,4e424358-6240-4635-bded-87cfb9c3b5e2,Jackie,Bowers,Advertising account planner,Marshall LLC,urice@example.net,001-965-845-6523x1179,9528 Sarah Neck,West Anthony,WV,66025,Korea,72,iterate front-end web services,Local prove social myself take notice.,2025-09-05T02:06:36.971635,CUSLT-952
8faef549-fe3e-4ed6-8a80-7797e12d3d67,af77f64c-6f2a-4c9b-afa4-5b734fe83854,Patricia,Kim,"Loss adjuster, chartered",Lee and Sons,jeffrey46@example.org,+1-806-625-4843x7736,938 Wright Trafficway,Michealmouth,WY,87399,Swaziland,7,target viral e-commerce,American night buy blue best clearly.,2025-08-06T05:14:20.857975,CUSLT-952
dcc0d0b6-892d-4e3b-b7fd-0692c3427e17,ac1cf2c2-e8dc-4ef7-9c28-4a25f15ef862,Roberto,Smith,"Engineer, civil (consulting)",Moore Inc,lisa53@example.net,(756)754-5003,586 Ronald View,Tinahaven,GU,39816,Uzbekistan,5,evolve collaborative paradigms,Force chair development matter.,2025-01-20T01:55:14.534616,CUSLT-952
fd9977f3-183b-4f7b-88cf-06b2a748f497,0e26abd8-cafe-48f9-bfd9-65ea7d1bc20e,Leroy,Barnes,"Accountant, chartered management",Neal-Mitchell,iramirez@example.net,(823)286-7975x32187,695 Riggs Forest,East Brittany,CO,46508,Luxembourg,43,integrate dot-com content,Seat federal a exactly.,2025-07-12T12:28:20.756604,CUSLT-952
487ebe77-5ad1-4749-978b-c7096dcc67fc,18987ad7-f6d9-4f16-8681-a7a8a17eb9bf,Jessica,Crawford,"Radiographer, therapeutic",Kim Ltd,amyyoung@example.net,(641)396-3299x8890,36086 Smith Course Suite 680,Bethport,KY,46073,Swaziland,21,drive customized convergence,This design step heavy charge look strong.,2025-08-02T15:30:27.932886,CUSLT-952
4352a85a-9291-4e74-b092-9271d3fb0f1c,f0f61f30-12e7-4493-a3aa-d530269a5936,William,Frank,"Surveyor, land/geomatics",Smith-Holland,alice17@example.com,(555)555-0873,82450 Solomon Prairie Suite 447,South Samanthaburgh,NV,74295,Niue,17,re-contextualize robust info-mediaries,Article skin explain.,2025-01-01T13:35:10.428398,CUSLT-952
8933db74-24d0-4405-ae3d-cd40241108e2,ccc67a95-4603-4e01-a43b-f7bea6398375,Kevin,Barnes,Visual merchandiser,"Davis, Richards and Cole",wgamble@example.com,796.647.8277x63151,57230 Donna Crest Suite 055,Jacobsonburgh,AK,36971,Belarus,54,transform end-to-end applications,Quite daughter onto example set.,2025-04-21T13:59:15.274284,CUSLT-952
65bed660-98d6-4d05-b703-e667d7028267,e5119f52-e0c3-4dbd-b914-157f9bd76d8a,Samantha,Stephens,Education administrator,Deleon-Pena,greensara@example.com,(788)422-0157,807 Christine Springs,West Erin,MT,76731,Uzbekistan,59,enhance turn-key web-readiness,Foot use road budget sort character choice.,2025-06-28T05:40:59.480809,CUSLT-952
4ba11571-9d40-4a30-8ad5-2a5458b574c3,2b220932-877e-4c47-982a-8c20b5b5fd25,Ethan,Davies,"Designer, fashion/clothing",Smith-Walsh,hineswayne@example.net,225-791-7446x5910,979 Scott Square Suite 758,East Colleenmouth,CO,53360,French Guiana,32,matrix compelling users,Current face participant leave support idea culture receive.,2025-09-04T04:45:29.377591,CUSLT-952
5ec23527-7fb7-48e5-b0a8-f084b67406a7,6261845a-3742-4e43-a152-bee10c5af98c,Jake,Haley,Outdoor activities/education manager,Bryant-Proctor,owhite@example.net,+1-450-835-2789x087,2857 Marilyn Villages,North Rossburgh,MO,70068,Cape Verde,20,matrix robust eyeballs,Back effect exactly trade former.,2025-04-01T10:57:20.796791,CUSLT-952
eb23c8fe-341c-4214-8670-f8697e34c866,001e50ea-bae7-4b6b-9312-34d98699ac9f,Robert,Aguilar,Psychiatric nurse,Nichols-Robertson,roblesalyssa@example.net,9646983079,5862 Krueger Ridge Suite 011,Perezland,MH,32604,Guinea,57,benchmark innovative metrics,There model until field wait laugh.,2025-08-28T07:19:57.096739,CUSLT-952
ea7d6029-faa5-4847-bb86-569e85fc52fb,d857c96a-ad28-4c6c-bcf5-5c759026ea7b,Brandon,Simmons,Operations geologist,Donovan Ltd,melissa41@example.org,+1-383-447-0567,1827 Sonia Street,South Wendy,GU,20460,Nepal,95,maximize interactive deliverables,General lawyer sense true.,2025-08-04T04:33:12.350166,CUSLT-952
b5fac5e1-4235-4d7c-942c-ef14fe7f75cc,bd26bccb-bafd-4596-8688-26d51bb17f62,Elizabeth,Johnson,Architectural technologist,"Charles, Booker and Kelley",terry56@example.net,8474063132,2923 Smith Walks,Steventown,NM,43354,Mexico,10,scale end-to-end communities,Service rule whose put citizen evidence hand century.,2025-01-15T12:01:35.344295,CUSLT-952
29c2a12b-f49c-472c-b92b-584b6dd5a976,e5894aae-301e-44b6-8c30-c7f2ab5c3330,Michael,Kent,Public librarian,Freeman-Rodriguez,andrew93@example.net,(369)967-7619x05934,469 Paula Harbor Suite 785,Howardburgh,MI,14921,El Salvador,34,deploy global e-markets,Four series hundred enough.,2025-05-20T11:15:55.165260,CUSLT-952
005a38b8-aca0-4a7c-9dec-26f1f90a9d45,ae9b5989-4204-44e3-82a1-d965a3c368b3,Andrew,Carter,Chartered public finance accountant,"Diaz, Grant and Pitts",david30@example.net,552.255.4293,944 Reynolds Wells Suite 350,Robertbury,PA,72046,Armenia,68,monetize value-added vortals,Hand need similar huge push.,2025-10-06T17:21:10.489906,CUSLT-952
0e855371-5d3c-4cea-8a22-55a6009d716e,2251c9b2-947c-4e8f-9777-e8330f6bb4f0,Warren,Stephens,Product designer,"Stone, Foster and Wong",vbutler@example.net,(622)792-3503,231 Michelle Islands Apt. 421,East Mark,DE,60725,French Guiana,73,brand back-end e-commerce,Relationship specific then trouble expert production old.,2025-05-06T13:53:41.478388,CUSLT-952
6da97227-9155-408e-bc53-8f9e99f47809,43e90c14-17f8-4d2a-ab6f-bb4ad55c07e4,Christopher,Miranda,Health physicist,"Garza, Ford and Sexton",stephanie07@example.net,996-437-3050x976,5826 Wood Cape,Port Mary,PR,80017,Pakistan,100,optimize next-generation schemas,Brother magazine certainly herself either morning road season.,2025-09-03T11:11:47.052739,CUSLT-952
f554aeb0-3801-40ad-b90c-fc0f3846670b,15d0237a-2a0d-4a07-8f6c-3cf09865b35f,Ashley,Glass,English as a second language teacher,Murphy-Johnson,kellyamanda@example.org,(224)905-1802x8395,35808 Alvarado Ferry Suite 328,East Bethanyview,OH,16792,Cayman Islands,38,matrix visionary technologies,Throughout fish possible sport whom seem red.,2025-08-15T14:26:02.769172,CUSLT-952
7c54ee94-dc37-42bd-80ff-3f2897fab54c,75f9e278-7be7-4a99-bdf5-4924b69a39c1,Mark,Higgins,"Accountant, chartered","Wilcox, Mosley and Castillo",jonesrhonda@example.net,537-796-1943x25552,27230 Kimberly Plains,East Vincentmouth,TX,71038,France,5,syndicate back-end systems,Moment than green as.,2025-01-01T01:33:10.293396,CUSLT-952
55cab183-b160-4dfc-a1df-f1a3a7659572,c738243c-b02d-4b15-9e27-6e7a1dacb848,Corey,Hernandez,Nutritional therapist,Brown-Smith,victoria42@example.net,695-557-6016,81458 Page Courts,Port Deborah,AR,49539,Kyrgyz Republic,50,synthesize compelling communities,Chair do memory instead word attack turn.,2025-02-25T16:35:13.367969,CUSLT-952
d33b1e71-85f9-41d1-a2d2-8c8265ab2002,9f45ec58-cc0a-47d6-b334-e4fc6bee488d,Jacob,Raymond,"Nurse, children's",Jones-Lawrence,amandabowman@example.net,356-732-8728x29029,319 Schultz Heights Apt. 707,New Erikshire,IL,25552,Martinique,98,integrate integrated supply-chains,Family raise finally your.,2025-08-03T05:41:14.259536,CUSLT-952
eb71a908-eebd-4c46-9ed5-0d8bcefe7a14,e60f10d4-6fe2-48ed-9a7a-0147328e4921,Eric,Smith,Outdoor activities/education manager,"Baker, Murphy and Cook",browntonya@example.org,001-997-729-7191x80991,678 Randy Centers Suite 091,Teresaberg,KS,35892,Portugal,27,extend seamless platforms,Them parent fund relationship fish commercial.,2025-08-07T13:59:20.532222,CUSLT-952
9118b83d-947f-41cb-ac47-38ce45efea47,f0c3388d-902b-4613-8968-759fdb2b02c3,Mercedes,Forbes,Insurance claims handler,"Norton, Garcia and Gardner",alexanderjohn@example.org,001-486-621-5212x44959,35086 Francisco Creek Suite 582,East Harryburgh,VI,79994,Greenland,46,synthesize extensible convergence,Everything anyone short decision none.,2025-02-11T12:51:17.607272,CUSLT-952
f2ec8760-f229-4cc6-b068-f544620ea451,b7c1fd28-3d9e-4d32-8dd6-df6b591d0f86,Sarah,Morales,Environmental education officer,Whitehead LLC,pattonsandra@example.net,537.298.4533x616,317 Ashley Tunnel,Millerport,LA,72364,Bermuda,67,transform enterprise infrastructures,Throughout wife environment hundred newspaper well.,2025-08-13T17:22:24.492790,CUSLT-952
d7c9aa3d-f72f-49b8-a9d8-d26b63981d4e,c8b60617-379d-445a-8bae-79363e28d3b6,Carolyn,Howard,"Surveyor, mining",Neal LLC,carrie26@example.com,001-532-952-2791x06189,0742 Parker Summit,Lake Ryanport,AZ,66499,Hungary,47,syndicate web-enabled methodologies,Rule mean drug various society agreement.,2025-07-01T22:42:04.601137,CUSLT-952
4347ab72-9918-4dc2-85f6-5f42da6ba382,ed3975b4-1c20-43d5-860e-da48a5d87c43,Ashley,Collier,Dealer,"Williams, Rojas and Greer",garciaemily@example.net,001-617-474-4491x4292,211 Smith Drive,North Makayla,NM,82825,Zimbabwe,70,embrace best-of-breed systems,You find set face almost play.,2025-02-27T14:56:26.178210,CUSLT-952
b861423c-f8c6-40c7-aff7-a3d9c37761e1,0718f141-3e41-4b35-a698-ac3da406adea,Scott,Obrien,"Engineer, manufacturing systems",Palmer PLC,mendezcharles@example.org,902-653-8709x520,636 Elliott Alley Apt. 513,Traceyville,AZ,44838,Western Sahara,36,target 24/365 communities,Yeah ready summer fine blood.,2025-05-25T17:21:37.632901,CUSLT-952
50ed4b72-75a7-4caf-b00a-f27ac64d0902,b7581c18-71b9-4bd3-8ceb-8a1085ea8e60,Melinda,Johnson,Higher education lecturer,Lopez-Medina,valenzuelajennifer@example.com,5498563809,9983 Joshua Prairie Suite 009,Anitaborough,FL,96353,Mayotte,9,transform integrated niches,Exactly American country already event interview soldier.,2025-08-17T01:28:58.569764,CUSLT-952
4523a35f-3015-4dc3-97f5-f12a6529d6c8,b4fd58fa-fb36-4268-9810-cf182ef0e0a2,Christopher,Alvarez,Hospital pharmacist,Doyle-Clarke,morrisonwendy@example.net,515-536-4805x002,687 James Stream Suite 980,Ericamouth,WI,86928,Kenya,52,matrix holistic deliverables,Southern coach spend beat modern girl tough.,2025-07-08T10:12:55.629075,CUSLT-952
b7e59b36-9396-438a-871e-833a1394bba0,8d41429b-8417-44ee-bb43-9c70b3411665,Gabriel,Payne,Radiation protection practitioner,"Downs, Robinson and Miles",butlermichael@example.com,(785)717-4629,984 Tiffany Ports,Oconnellhaven,SD,07545,Austria,84,incentivize clicks-and-mortar content,And power treatment stand happy friend pay election.,2025-08-19T08:58:24.688928,CUSLT-952
60a9ffb7-1fe5-4db9-9087-7a0d56e8db00,ce0615d6-2e61-4dc7-9fab-45cc9827121a,Kristen,Young,Sales executive,"Mendoza, Salinas and Mercado",christinavang@example.net,355.253.8194,312 Soto Forges Apt. 782,New Ronaldside,KY,90134,Palestinian Territory,51,target turn-key initiatives,Political laugh student important chance cultural.,2025-06-08T13:41:13.803368,CUSLT-952
762314df-3278-4f20-9605-7d88db2b7cc6,7721fc47-5a34-40e4-a604-4fed3e1f263d,Edward,Hunter,Research scientist (maths),Diaz-Mathis,timothy42@example.net,001-284-472-5257x4988,753 Carpenter Lodge,Jenniferburgh,DE,45929,Somalia,22,evolve impactful supply-chains,Baby idea population by financial see war since.,2025-04-21T16:19:28.532929,CUSLT-952
e599f24c-c224-4e1b-ab9f-d7231169c83f,82aee8e6-544f-429b-ac24-3280a85aca04,Jerry,Luna,Restaurant manager,"Jacobs, Franklin and Scott",brittany58@example.net,001-225-537-0191x2813,550 Wells Burg Suite 333,Port Jesse,MI,93909,Tonga,53,integrate wireless e-services,Begin activity series reduce.,2025-08-16T10:14:45.030279,CUSLT-952
40783dc5-9260-498b-a202-6bd4d58a144b,45d99444-822c-4724-9080-9d7f69456473,Brianna,Garza,Statistician,"Merritt, Sullivan and Jordan",carloswalker@example.org,997-798-2328,3602 Maureen Lodge,Williamshire,ND,64114,Tanzania,15,redefine B2C e-tailers,Free itself black able lose street kid.,2025-08-17T17:06:46.568351,CUSLT-952
59c9250f-420a-4755-abb3-aa3e24e4b468,5ce60088-2828-49ab-afd5-2e5e3e25e739,Alex,White,Biomedical engineer,"Miller, Gonzalez and Blake",bwebb@example.net,436-585-4264x070,1538 Horton Islands Apt. 551,West Sandra,MI,03282,Malta,44,evolve holistic convergence,Positive when perform walk.,2025-09-11T00:04:49.980706,CUSLT-952
885a0f27-fc19-4804-9afc-a733f2e55ca1,6f68b5e4-0085-4022-ad48-f617fc59a832,Natalie,Mcdonald,Nature conservation officer,Deleon LLC,zamorakayla@example.org,001-977-578-6388x812,2923 Smith Plains Apt. 072,Tatebury,NY,31893,Martinique,4,deliver dynamic mindshare,True class today lose experience happy someone.,2025-06-26T11:43:14.046633,CUSLT-952
8e1335f0-e6a3-4347-a64a-fe18da3e78dd,fc41a858-5e0e-41e7-9ae0-70100bc2c87e,Samantha,Kelly,Quantity surveyor,Perry LLC,ecummings@example.org,(816)722-8926x61324,394 Robin Lights,Wigginsburgh,HI,76856,Luxembourg,63,monetize virtual networks,Bill thousand war.,2025-08-31T13:36:13.637825,CUSLT-952
d275ddfb-7251-464b-93e5-4bde908741ce,a694f1a8-308a-4515-8526-55f3c4818ed0,William,Hodges,"Engineer, civil (consulting)",Berg-Anderson,ramirezerika@example.net,001-519-814-8015x26483,3462 Strickland Pike,Evanschester,AR,40395,Guam,97,orchestrate open-source e-markets,Forward south air their hold.,2025-04-23T18:50:04.552769,CUSLT-952
e4decf48-d590-4dcb-a490-1ebc4ae57b30,59b7cdbc-76ef-4efb-882c-000e650f3c81,Amy,Holmes,Advertising account executive,"Rose, Freeman and Bush",destinyfrench@example.com,(768)974-5901,17353 Eddie Shore Apt. 464,Lake Katherine,AR,06681,Netherlands,58,utilize intuitive channels,Hit paper cultural article technology.,2025-06-05T14:16:48.815026,CUSLT-952
4f53f50e-393f-41c3-a90a-8a45fc4f2835,375dba40-7284-4e3c-94e2-948d80ee3c3d,John,Weaver,Materials engineer,"Reynolds, Walker and Horton",daniel32@example.net,903-677-4579x872,54873 Cody Rue Apt. 744,Davidport,IL,23974,New Zealand,95,streamline seamless e-commerce,House along phone loss skill significant.,2025-07-30T20:06:49.267420,CUSLT-952
56c07d47-aa05-4f56-b0be-25567d8abc22,ed9a6089-a35b-4148-8ac8-f09c5dcd9547,Sara,Willis,"Programmer, applications",Young Group,emilyflores@example.com,677.305.1544x58220,4135 Miller Groves Suite 094,Lake Toddmouth,NE,73262,Kiribati,38,leverage impactful e-business,Commercial treat throughout agree detail operation become.,2025-05-12T20:41:10.413792,CUSLT-952
acafa115-bedb-4fc4-a5b2-b39035015fa3,80f6b29f-2523-48ce-8a4e-e5dcb6746aa3,George,Schneider,"Social research officer, government",Dickerson-Price,ramirezpatrick@example.com,001-209-903-5415x33581,2745 Noble Prairie,Port Daniel,LA,97090,Malta,74,transition killer paradigms,Single ever as third magazine describe.,2025-05-03T23:41:08.798927,CUSLT-952
cb231393-bf00-4778-a7d0-3c91d69fddf9,13898edc-91f8-447a-9e26-06505082b1f0,David,Lee,"Accountant, chartered certified",Webster Group,robertleblanc@example.net,(764)604-8097,410 Randall Point Apt. 698,Micheleburgh,OR,48546,Namibia,19,brand transparent eyeballs,Bad only dinner.,2025-01-15T22:19:16.265418,CUSLT-952
c7bad9cd-ddd2-4d18-ad32-24cf39e902e3,7f1f69e1-3749-47aa-a071-4fcc87a17a05,Abigail,Hines,"Therapist, nutritional","Schmidt, Vance and Hernandez",xgraham@example.org,001-415-401-1688x644,993 Lozano Crest Apt. 427,East Larrybury,WA,56228,Cuba,12,disintermediate magnetic vortals,Wife grow member half art.,2025-07-09T10:32:19.555777,CUSLT-952
1f2c26d4-b68d-4066-8ef1-7cc76ef3f9ad,2da58ccf-131e-4ea9-93cd-e3e8b46aa649,Roy,Reyes,Heritage manager,"Leon, Cannon and Preston",bonillajacqueline@example.com,857.253.9951,259 Mcgee Extensions,Valerieshire,AZ,19580,Kiribati,25,enable compelling web-readiness,Science mention western speech.,2025-04-10T03:42:08.189800,CUSLT-952
cb49405a-cd97-4386-9eef-d407d35f9c11,38cc5241-7b1f-4147-a354-627fb31cc862,Stephanie,Warren,Commercial/residential surveyor,Smith Inc,campbelljames@example.com,6898333424,280 Caroline Canyon Apt. 316,Port Chelsey,AR,45244,Bouvet Island (Bouvetoya),47,scale user-centric e-services,Painting wear both message during entire personal back.,2025-06-27T11:54:47.198347,CUSLT-952
116fc540-ee7d-4038-b97b-52c96881cec9,a7c222b1-06ea-4467-9f34-d0d044abde04,Jamie,Lynn,"Merchandiser, retail",Cunningham PLC,erin72@example.org,001-404-446-0796x0417,446 Green Drives,East Leefurt,KY,38839,Ireland,27,envisioneer proactive convergence,However budget method professional cup book.,2025-07-15T20:29:15.196937,CUSLT-952
418e93bd-f963-4f8b-9a00-0471b1b5655c,68b99b02-2a79-422a-a678-bafc48668063,Jonathan,Robinson,Chief Financial Officer,"Williams, Lang and Mckee",andrewchen@example.net,879.704.6473x4733,1736 Smith Union Suite 997,Vickietown,MH,85431,Mauritius,89,implement frictionless action-items,Simple offer suggest world during interest follow.,2025-07-03T00:58:17.857849,CUSLT-952
26c65e7f-077c-4afb-8174-ce2e8e3e8cea,0221f5f1-a927-47bc-a76e-b44442c00b47,Thomas,Morgan,"Surveyor, rural practice",Davis-Coleman,tgonzalez@example.org,+1-935-401-2014x7065,685 Barton Inlet Suite 843,North Julia,IA,50612,Eritrea,45,expedite world-class eyeballs,Weight mission which.,2025-08-07T09:42:37.591958,CUSLT-952
1e005df8-bdc5-4200-b098-334b301e0247,5e74c327-50fd-49c6-bdfe-0895baf09b89,Johnathan,Cruz,Archaeologist,Shaffer-Leblanc,gerald17@example.com,755.516.3333x68780,16028 Davis Turnpike Suite 770,East Mark,WI,60124,Guatemala,34,extend visionary supply-chains,Indeed give man know hit.,2025-01-20T14:21:30.560612,CUSLT-952
faeb14b2-2836-4ca8-bac5-237160e5a261,e099a4f1-168d-47d8-b00f-55e71a9238fb,Sandra,Ortiz,"Clinical scientist, histocompatibility and immunogenetics",Gross-Gomez,josephmoore@example.com,001-359-920-2007x236,7840 Thomas Road,Alexandratown,SC,89589,Kiribati,7,engage collaborative web-readiness,Difference market during.,2025-04-14T12:08:57.105162,CUSLT-952
51a2fce7-e7f8-481c-9ca4-46359b77ba01,072dd77a-1924-48c8-92cb-d343ba77666f,Robert,Sandoval,Heritage manager,Burton PLC,ortegaanthony@example.org,965-865-7511,87844 Brad Locks,Bridgetberg,DE,23504,Germany,41,deliver world-class schemas,Nearly always simple example cover politics.,2025-07-17T17:42:52.058717,CUSLT-952
ffbeaf8f-64e2-44ed-a790-efe7f723f5e8,eb52867e-7ea1-4353-ba4a-ed0be43b364a,Levi,Smith,Advice worker,Diaz-Kent,martinmorgan@example.net,(445)706-4167x0445,5398 Roberts Valley,Petersonberg,WA,11663,Kenya,54,architect dynamic schemas,Local probably party actually commercial.,2025-03-25T03:26:37.641083,CUSLT-952
b765349b-4edb-4885-9c14-484089bc8b99,2f4c5142-e148-44d5-b5b2-0b66e4ef1b08,Susan,Wilcox,"Engineer, aeronautical","Frederick, Maddox and Lam",matthew06@example.net,969.365.8839,50411 Andrew Prairie Apt. 507,Port Joseph,AR,96705,Ukraine,20,deliver synergistic applications,Together happy among history push community yet.,2025-08-26T00:18:31.851532,CUSLT-952
7c0b8714-b110-4b19-bd67-91a1015dc34d,e3838810-de9c-43af-a380-d27c6022ac7b,Manuel,Sanders,Air broker,Cook and Sons,hdavies@example.com,5149529393,6550 Emma Spur Suite 671,East Suzanne,RI,09790,Mozambique,35,benchmark innovative e-tailers,Sister traditional certain particularly happen sell politics.,2025-05-18T09:11:13.693607,CUSLT-952
0790bd44-3f9e-4b30-8797-229177b3809e,d3688e4a-546d-4995-87a1-2ec90acd31e3,Kevin,Cox,Historic buildings inspector/conservation officer,"Moore, Tucker and Miller",sarah23@example.com,+1-835-692-1934,4947 Laura Drive,Laurenton,SC,09846,Belarus,31,orchestrate sticky convergence,Our my individual media nothing.,2025-06-02T03:40:59.179447,CUSLT-952
d3aada4d-c46d-4c3e-8184-65243facc39d,f945cfff-0771-4e63-b825-cda3a3693b90,Christopher,Mcmillan,Landscape architect,"Vaughn, Phillips and Logan",briana23@example.org,464.845.8451,777 Miller Trail Suite 732,West Jordan,MA,04642,Marshall Islands,35,e-enable synergistic solutions,East mind sort every garden.,2025-08-22T12:01:42.987161,CUSLT-952
ab88dc91-945b-40d6-be33-66e55e4738f3,8763bdf0-8a70-4a15-8923-df19f9e9b89e,Angela,Williams,Academic librarian,Kent-Schwartz,dawn65@example.com,880-915-8057,84142 Kelly Spring,Lake Rachelport,WY,28772,Qatar,70,transition e-business vortals,Year away war any show agreement final.,2025-02-18T14:47:16.611007,CUSLT-952
5b6e17c0-e459-48cf-8abe-c46e6bc5673d,da9d0e15-af7e-4088-859d-387da29a74b6,Nicole,Banks,Web designer,Wells-Smith,julian84@example.org,496-272-1870,82410 Berry Mall Suite 470,Patelstad,NJ,29200,Gambia,42,target sticky experiences,Store cover voice article special.,2025-05-21T02:07:03.229140,CUSLT-952
803fe561-824d-4dc9-b0a4-2f7ca3d469f2,ed6e29c5-5ad3-45a5-98a5-da7a581bbe6b,Brian,Boyle,Banker,"Young, Miller and Carlson",nicholas84@example.net,+1-702-373-5220x38750,5170 Jessica Orchard,Lake Kirkbury,MS,20136,Nepal,76,disintermediate extensible interfaces,Last contain in skin each.,2025-01-03T20:09:55.257932,CUSLT-952
8d9e2c78-74a3-43e0-93ca-9a7f118ca4cf,46198572-7987-4662-87a7-01890572d666,Amanda,Shaw,Actuary,Smith-Lee,frenchgeorge@example.org,306.614.4529,774 Sanchez Common,Sanderstown,OR,40362,Mauritania,13,engage front-end systems,Talk accept charge.,2025-10-07T16:15:49.667812,CUSLT-952
f0397848-e55e-49d3-b6cc-35ea44399f35,48b811d2-9171-4459-8ffb-419ddaf67c74,Robert,Burns,Glass blower/designer,"Cobb, Garcia and Rojas",sandra68@example.net,001-566-708-5405x72920,49609 Sean Mills Apt. 707,Thomasstad,WV,97714,Hungary,83,integrate vertical networks,Store into safe.,2025-04-13T00:38:41.145668,CUSLT-952
192c90a3-8037-470c-8b2b-c6a37b4e5e57,2678b6d0-a01b-4a02-b4da-39e2eeccea9b,Julie,Williams,"Production assistant, television","Dean, Pierce and Johnson",jessica94@example.net,5298449840,1144 Smith Loop,Lake Rachel,NJ,97179,Dominica,59,facilitate rich e-business,Some bad cultural fast claim.,2025-01-21T14:16:23.621349,CUSLT-952
bc2a1b07-f697-4572-a398-20dab09ce39d,6e1879d8-79b1-4f75-875a-a636d4a90727,Willie,Gregory,Clinical research associate,Wiggins-Harvey,michael07@example.org,358.909.5300,36394 Warren Forest Suite 135,Port Cassandrachester,SC,97025,Montenegro,27,engage dynamic vortals,Guess town offer improve heart whether sure matter.,2025-05-13T02:08:41.828184,CUSLT-952
ff8e3371-be54-438c-8b77-19298afbfbab,30b1a83b-782d-401a-8dab-a55d36ab6805,Brian,Smith,Biomedical scientist,Rose-Reyes,christopherjohnson@example.com,001-510-780-4388,23093 Kristin Mission,Vasquezshire,ID,29221,Colombia,26,utilize e-business bandwidth,Nor music seek these from.,2025-06-03T15:12:07.590221,CUSLT-952
8d4a605f-8bc2-4bb5-b361-5fe1a253d3e2,51c48a84-105b-46fa-9ff9-f4be5cfb3c0b,Elizabeth,Daniel,Social researcher,Chase Inc,jacobskelsey@example.net,(492)705-5505,55837 Ricky Point Apt. 809,North Joseph,IN,06072,Comoros,35,syndicate user-centric e-markets,Inside sometimes medical blood.,2025-08-09T02:39:30.020545,CUSLT-952
42300f28-c0f2-4e2b-8b28-884e52df208e,c65d050a-74b8-488b-8c8f-54e5b15a5a23,Jessica,Hale,Actor,Johnson Group,jennifer33@example.org,351.940.1509x56712,37515 Anderson Road,Jennifertown,UT,13657,Saint Vincent and the Grenadines,9,productize killer interfaces,Across nice say medical discuss.,2025-09-02T07:01:33.529463,CUSLT-952
c33591c1-074f-4692-9167-067f8734f210,4eba0286-8617-4eba-84b4-1a5045546add,Robert,Carlson,"Teacher, secondary school",Wilkins-Alvarez,madelinesullivan@example.org,+1-434-962-2448x6582,2793 Jennifer Ramp Apt. 342,Wilkinsonshire,FM,89731,Eritrea,43,revolutionize holistic e-business,Red daughter sort eight.,2025-09-24T17:54:19.107736,CUSLT-952
b46a948e-1441-4cf6-8aa8-bce571bdc3f6,da931336-aac0-4c42-b2a2-87b999f77429,Megan,Mclaughlin,Radio broadcast assistant,"Scott, Morris and Gibson",michaelaguilar@example.net,695-316-0073x38128,185 Dan Shores,Suttonton,GU,61582,Congo,18,generate transparent technologies,Its event help concern check.,2025-01-01T19:09:40.269645,CUSLT-952
5ac420a3-f0a2-43c9-bfeb-9a94e6c660a4,d624d21e-92b5-4f8b-b3a2-16d32eb5c8a8,Chelsey,Griffin,"Engineer, manufacturing","Crosby, Perkins and Price",rwilson@example.com,001-728-773-1595,912 Bruce Parkway Suite 889,Port Lisaport,NV,52824,Liechtenstein,28,exploit value-added convergence,Seat three cold support any structure.,2025-06-02T01:42:52.488668,CUSLT-952
2601b271-344a-442a-8e49-ab98b5070fe2,0e63433c-f59b-4445-a755-9b08668f8452,Jason,Foster,"Engineer, communications",Jenkins Inc,bradleysean@example.org,663.268.5688x4438,672 Fuller Shores,Murillofurt,OH,64155,Italy,24,incubate visionary communities,Use agency check along floor into.,2025-07-11T01:35:55.704000,CUSLT-952
